"Time (UTCG)","Intensity"
21 Jun 2027 00:00:00.000,0.000000
21 Jun 2027 00:01:04.359,0.000000
21 Jun 2027 00:02:08.718,0.000000
21 Jun 2027 00:03:13.077,0.000000
21 Jun 2027 00:04:17.436,0.000000
21 Jun 2027 00:05:21.795,0.000000
21 Jun 2027 00:06:26.153,0.000000
21 Jun 2027 00:07:30.512,0.000000
21 Jun 2027 00:08:34.871,0.000000
21 Jun 2027 00:09:39.230,0.000000
21 Jun 2027 00:10:43.589,0.000000
21 Jun 2027 00:11:47.948,0.000000
21 Jun 2027 00:12:52.307,0.000000
21 Jun 2027 00:13:56.666,0.000000
21 Jun 2027 00:15:01.025,0.000000
21 Jun 2027 00:16:05.383,0.000000
21 Jun 2027 00:17:09.742,95.838246
21 Jun 2027 00:18:14.101,100.000000
21 Jun 2027 00:19:18.460,100.000000
21 Jun 2027 00:20:22.819,100.000000
21 Jun 2027 00:21:27.178,100.000000
21 Jun 2027 00:22:31.537,100.000000
21 Jun 2027 00:23:35.896,100.000000
21 Jun 2027 00:24:40.255,100.000000
21 Jun 2027 00:25:44.614,100.000000
21 Jun 2027 00:26:48.973,100.000000
21 Jun 2027 00:27:53.331,100.000000
21 Jun 2027 00:28:57.690,100.000000
21 Jun 2027 00:30:02.049,100.000000
21 Jun 2027 00:31:06.408,100.000000
21 Jun 2027 00:32:10.767,100.000000
21 Jun 2027 00:33:15.126,100.000000
21 Jun 2027 00:34:19.485,100.000000
21 Jun 2027 00:35:23.844,100.000000
21 Jun 2027 00:36:28.203,100.000000
21 Jun 2027 00:37:32.562,100.000000
21 Jun 2027 00:38:36.920,100.000000
21 Jun 2027 00:39:41.279,100.000000
21 Jun 2027 00:40:45.638,100.000000
21 Jun 2027 00:41:49.997,100.000000
21 Jun 2027 00:42:54.356,100.000000
21 Jun 2027 00:43:58.715,100.000000
21 Jun 2027 00:45:03.074,100.000000
21 Jun 2027 00:46:07.433,100.000000
21 Jun 2027 00:47:11.792,100.000000
21 Jun 2027 00:48:16.150,100.000000
21 Jun 2027 00:49:20.509,100.000000
21 Jun 2027 00:50:24.868,100.000000
21 Jun 2027 00:51:29.227,100.000000
21 Jun 2027 00:52:33.586,100.000000
21 Jun 2027 00:53:37.945,100.000000
21 Jun 2027 00:54:42.304,100.000000
21 Jun 2027 00:55:46.663,100.000000
21 Jun 2027 00:56:51.022,100.000000
21 Jun 2027 00:57:55.381,100.000000
21 Jun 2027 00:58:59.740,100.000000
21 Jun 2027 01:00:04.098,100.000000
21 Jun 2027 01:01:08.457,100.000000
21 Jun 2027 01:02:12.816,100.000000
21 Jun 2027 01:03:17.175,100.000000
21 Jun 2027 01:04:21.534,100.000000
21 Jun 2027 01:05:25.893,100.000000
21 Jun 2027 01:06:30.252,100.000000
21 Jun 2027 01:07:34.611,100.000000
21 Jun 2027 01:08:38.970,100.000000
21 Jun 2027 01:09:43.328,100.000000
21 Jun 2027 01:10:47.687,100.000000
21 Jun 2027 01:11:52.046,100.000000
21 Jun 2027 01:12:56.405,100.000000
21 Jun 2027 01:14:00.764,100.000000
21 Jun 2027 01:15:05.123,100.000000
21 Jun 2027 01:16:09.482,100.000000
21 Jun 2027 01:17:13.841,100.000000
21 Jun 2027 01:18:18.200,100.000000
21 Jun 2027 01:19:22.559,100.000000
21 Jun 2027 01:20:26.918,100.000000
21 Jun 2027 01:21:31.276,100.000000
21 Jun 2027 01:22:35.635,100.000000
21 Jun 2027 01:23:39.994,100.000000
21 Jun 2027 01:24:44.353,100.000000
21 Jun 2027 01:25:48.712,100.000000
21 Jun 2027 01:26:53.071,0.000000
21 Jun 2027 01:27:57.430,0.000000
21 Jun 2027 01:29:01.789,0.000000
21 Jun 2027 01:30:06.148,0.000000
21 Jun 2027 01:31:10.506,0.000000
21 Jun 2027 01:32:14.865,0.000000
21 Jun 2027 01:33:19.224,0.000000
21 Jun 2027 01:34:23.583,0.000000
21 Jun 2027 01:35:27.942,0.000000
21 Jun 2027 01:36:32.301,0.000000
21 Jun 2027 01:37:36.660,0.000000
21 Jun 2027 01:38:41.019,0.000000
21 Jun 2027 01:39:45.378,0.000000
21 Jun 2027 01:40:49.737,0.000000
21 Jun 2027 01:41:54.095,0.000000
21 Jun 2027 01:42:58.454,0.000000
21 Jun 2027 01:44:02.813,0.000000
21 Jun 2027 01:45:07.172,0.000000
21 Jun 2027 01:46:11.531,0.000000
21 Jun 2027 01:47:15.890,0.000000
21 Jun 2027 01:48:20.249,0.000000
21 Jun 2027 01:49:24.608,0.000000
21 Jun 2027 01:50:28.967,73.090753
21 Jun 2027 01:51:33.326,100.000000
21 Jun 2027 01:52:37.685,100.000000
21 Jun 2027 01:53:42.043,100.000000
21 Jun 2027 01:54:46.402,100.000000
21 Jun 2027 01:55:50.761,100.000000
21 Jun 2027 01:56:55.120,100.000000
21 Jun 2027 01:57:59.479,100.000000
21 Jun 2027 01:59:03.838,100.000000
21 Jun 2027 02:00:08.197,100.000000
21 Jun 2027 02:01:12.556,100.000000
21 Jun 2027 02:02:16.915,100.000000
21 Jun 2027 02:03:21.273,100.000000
21 Jun 2027 02:04:25.632,100.000000
21 Jun 2027 02:05:29.991,100.000000
21 Jun 2027 02:06:34.350,100.000000
21 Jun 2027 02:07:38.709,100.000000
21 Jun 2027 02:08:43.068,100.000000
21 Jun 2027 02:09:47.427,100.000000
21 Jun 2027 02:10:51.786,100.000000
21 Jun 2027 02:11:56.145,100.000000
21 Jun 2027 02:13:00.504,100.000000
21 Jun 2027 02:14:04.863,100.000000
21 Jun 2027 02:15:09.221,100.000000
21 Jun 2027 02:16:13.580,100.000000
21 Jun 2027 02:17:17.939,100.000000
21 Jun 2027 02:18:22.298,100.000000
21 Jun 2027 02:19:26.657,100.000000
21 Jun 2027 02:20:31.016,100.000000
21 Jun 2027 02:21:35.375,100.000000
21 Jun 2027 02:22:39.734,100.000000
21 Jun 2027 02:23:44.093,100.000000
21 Jun 2027 02:24:48.451,100.000000
21 Jun 2027 02:25:52.810,100.000000
21 Jun 2027 02:26:57.169,100.000000
21 Jun 2027 02:28:01.528,100.000000
21 Jun 2027 02:29:05.887,100.000000
21 Jun 2027 02:30:10.246,100.000000
21 Jun 2027 02:31:14.605,100.000000
21 Jun 2027 02:32:18.964,100.000000
21 Jun 2027 02:33:23.323,100.000000
21 Jun 2027 02:34:27.682,100.000000
21 Jun 2027 02:35:32.041,100.000000
21 Jun 2027 02:36:36.399,100.000000
21 Jun 2027 02:37:40.758,100.000000
21 Jun 2027 02:38:45.117,100.000000
21 Jun 2027 02:39:49.476,100.000000
21 Jun 2027 02:40:53.835,100.000000
21 Jun 2027 02:41:58.194,100.000000
21 Jun 2027 02:43:02.553,100.000000
21 Jun 2027 02:44:06.912,100.000000
21 Jun 2027 02:45:11.271,100.000000
21 Jun 2027 02:46:15.630,100.000000
21 Jun 2027 02:47:19.988,100.000000
21 Jun 2027 02:48:24.347,100.000000
21 Jun 2027 02:49:28.706,100.000000
21 Jun 2027 02:50:33.065,100.000000
21 Jun 2027 02:51:37.424,100.000000
21 Jun 2027 02:52:41.783,100.000000
21 Jun 2027 02:53:46.142,100.000000
21 Jun 2027 02:54:50.501,100.000000
21 Jun 2027 02:55:54.860,100.000000
21 Jun 2027 02:56:59.218,100.000000
21 Jun 2027 02:58:03.577,100.000000
21 Jun 2027 02:59:07.936,100.000000
21 Jun 2027 03:00:12.295,0.000000
21 Jun 2027 03:01:16.654,0.000000
21 Jun 2027 03:02:21.013,0.000000
21 Jun 2027 03:03:25.372,0.000000
21 Jun 2027 03:04:29.731,0.000000
21 Jun 2027 03:05:34.090,0.000000
21 Jun 2027 03:06:38.449,0.000000
21 Jun 2027 03:07:42.808,0.000000
21 Jun 2027 03:08:47.166,0.000000
21 Jun 2027 03:09:51.525,0.000000
21 Jun 2027 03:10:55.884,0.000000
21 Jun 2027 03:12:00.243,0.000000
21 Jun 2027 03:13:04.602,0.000000
21 Jun 2027 03:14:08.961,0.000000
21 Jun 2027 03:15:13.320,0.000000
21 Jun 2027 03:16:17.679,0.000000
21 Jun 2027 03:17:22.038,0.000000
21 Jun 2027 03:18:26.396,0.000000
21 Jun 2027 03:19:30.755,0.000000
21 Jun 2027 03:20:35.114,0.000000
21 Jun 2027 03:21:39.473,0.000000
21 Jun 2027 03:22:43.832,0.000000
21 Jun 2027 03:23:48.191,44.694037
21 Jun 2027 03:24:52.550,100.000000
21 Jun 2027 03:25:56.909,100.000000
21 Jun 2027 03:27:01.268,100.000000
21 Jun 2027 03:28:05.627,100.000000
21 Jun 2027 03:29:09.986,100.000000
21 Jun 2027 03:30:14.344,100.000000
21 Jun 2027 03:31:18.703,100.000000
21 Jun 2027 03:32:23.062,100.000000
21 Jun 2027 03:33:27.421,100.000000
21 Jun 2027 03:34:31.780,100.000000
21 Jun 2027 03:35:36.139,100.000000
21 Jun 2027 03:36:40.498,100.000000
21 Jun 2027 03:37:44.857,100.000000
21 Jun 2027 03:38:49.216,100.000000
21 Jun 2027 03:39:53.574,100.000000
21 Jun 2027 03:40:57.933,100.000000
21 Jun 2027 03:42:02.292,100.000000
21 Jun 2027 03:43:06.651,100.000000
21 Jun 2027 03:44:11.010,100.000000
21 Jun 2027 03:45:15.369,100.000000
21 Jun 2027 03:46:19.728,100.000000
21 Jun 2027 03:47:24.087,100.000000
21 Jun 2027 03:48:28.446,100.000000
21 Jun 2027 03:49:32.805,100.000000
21 Jun 2027 03:50:37.163,100.000000
21 Jun 2027 03:51:41.522,100.000000
21 Jun 2027 03:52:45.881,100.000000
21 Jun 2027 03:53:50.240,100.000000
21 Jun 2027 03:54:54.599,100.000000
21 Jun 2027 03:55:58.958,100.000000
21 Jun 2027 03:57:03.317,100.000000
21 Jun 2027 03:58:07.676,100.000000
21 Jun 2027 03:59:12.035,100.000000
21 Jun 2027 04:00:16.394,100.000000
21 Jun 2027 04:01:20.753,100.000000
21 Jun 2027 04:02:25.111,100.000000
21 Jun 2027 04:03:29.470,100.000000
21 Jun 2027 04:04:33.829,100.000000
21 Jun 2027 04:05:38.188,100.000000
21 Jun 2027 04:06:42.547,100.000000
21 Jun 2027 04:07:46.906,100.000000
21 Jun 2027 04:08:51.265,100.000000
21 Jun 2027 04:09:55.624,100.000000
21 Jun 2027 04:10:59.983,100.000000
21 Jun 2027 04:12:04.341,100.000000
21 Jun 2027 04:13:08.700,100.000000
21 Jun 2027 04:14:13.059,100.000000
21 Jun 2027 04:15:17.418,100.000000
21 Jun 2027 04:16:21.777,100.000000
21 Jun 2027 04:17:26.136,100.000000
21 Jun 2027 04:18:30.495,100.000000
21 Jun 2027 04:19:34.854,100.000000
21 Jun 2027 04:20:39.213,100.000000
21 Jun 2027 04:21:43.572,100.000000
21 Jun 2027 04:22:47.931,100.000000
21 Jun 2027 04:23:52.289,100.000000
21 Jun 2027 04:24:56.648,100.000000
21 Jun 2027 04:26:01.007,100.000000
21 Jun 2027 04:27:05.366,100.000000
21 Jun 2027 04:28:09.725,100.000000
21 Jun 2027 04:29:14.084,100.000000
21 Jun 2027 04:30:18.443,100.000000
21 Jun 2027 04:31:22.802,100.000000
21 Jun 2027 04:32:27.161,100.000000
21 Jun 2027 04:33:31.519,13.181824
21 Jun 2027 04:34:35.878,0.000000
21 Jun 2027 04:35:40.237,0.000000
21 Jun 2027 04:36:44.596,0.000000
21 Jun 2027 04:37:48.955,0.000000
21 Jun 2027 04:38:53.314,0.000000
21 Jun 2027 04:39:57.673,0.000000
21 Jun 2027 04:41:02.032,0.000000
21 Jun 2027 04:42:06.391,0.000000
21 Jun 2027 04:43:10.750,0.000000
21 Jun 2027 04:44:15.109,0.000000
21 Jun 2027 04:45:19.467,0.000000
21 Jun 2027 04:46:23.826,0.000000
21 Jun 2027 04:47:28.185,0.000000
21 Jun 2027 04:48:32.544,0.000000
21 Jun 2027 04:49:36.903,0.000000
21 Jun 2027 04:50:41.262,0.000000
21 Jun 2027 04:51:45.621,0.000000
21 Jun 2027 04:52:49.980,0.000000
21 Jun 2027 04:53:54.339,0.000000
21 Jun 2027 04:54:58.698,0.000000
21 Jun 2027 04:56:03.056,0.000000
21 Jun 2027 04:57:07.415,17.568167
21 Jun 2027 04:58:11.774,100.000000
21 Jun 2027 04:59:16.133,100.000000
21 Jun 2027 05:00:20.492,100.000000
21 Jun 2027 05:01:24.851,100.000000
21 Jun 2027 05:02:29.210,100.000000
21 Jun 2027 05:03:33.569,100.000000
21 Jun 2027 05:04:37.928,100.000000
21 Jun 2027 05:05:42.286,100.000000
21 Jun 2027 05:06:46.645,100.000000
21 Jun 2027 05:07:51.004,100.000000
21 Jun 2027 05:08:55.363,100.000000
21 Jun 2027 05:09:59.722,100.000000
21 Jun 2027 05:11:04.081,100.000000
21 Jun 2027 05:12:08.440,100.000000
21 Jun 2027 05:13:12.799,100.000000
21 Jun 2027 05:14:17.158,100.000000
21 Jun 2027 05:15:21.517,100.000000
21 Jun 2027 05:16:25.876,100.000000
21 Jun 2027 05:17:30.234,100.000000
21 Jun 2027 05:18:34.593,100.000000
21 Jun 2027 05:19:38.952,100.000000
21 Jun 2027 05:20:43.311,100.000000
21 Jun 2027 05:21:47.670,100.000000
21 Jun 2027 05:22:52.029,100.000000
21 Jun 2027 05:23:56.388,100.000000
21 Jun 2027 05:25:00.747,100.000000
21 Jun 2027 05:26:05.106,100.000000
21 Jun 2027 05:27:09.464,100.000000
21 Jun 2027 05:28:13.823,100.000000
21 Jun 2027 05:29:18.182,100.000000
21 Jun 2027 05:30:22.541,100.000000
21 Jun 2027 05:31:26.900,100.000000
21 Jun 2027 05:32:31.259,100.000000
21 Jun 2027 05:33:35.618,100.000000
21 Jun 2027 05:34:39.977,100.000000
21 Jun 2027 05:35:44.336,100.000000
21 Jun 2027 05:36:48.695,100.000000
21 Jun 2027 05:37:53.054,100.000000
21 Jun 2027 05:38:57.412,100.000000
21 Jun 2027 05:40:01.771,100.000000
21 Jun 2027 05:41:06.130,100.000000
21 Jun 2027 05:42:10.489,100.000000
21 Jun 2027 05:43:14.848,100.000000
21 Jun 2027 05:44:19.207,100.000000
21 Jun 2027 05:45:23.566,100.000000
21 Jun 2027 05:46:27.925,100.000000
21 Jun 2027 05:47:32.284,100.000000
21 Jun 2027 05:48:36.642,100.000000
21 Jun 2027 05:49:41.001,100.000000
21 Jun 2027 05:50:45.360,100.000000
21 Jun 2027 05:51:49.719,100.000000
21 Jun 2027 05:52:54.078,100.000000
21 Jun 2027 05:53:58.437,100.000000
21 Jun 2027 05:55:02.796,100.000000
21 Jun 2027 05:56:07.155,100.000000
21 Jun 2027 05:57:11.514,100.000000
21 Jun 2027 05:58:15.873,100.000000
21 Jun 2027 05:59:20.231,100.000000
21 Jun 2027 06:00:24.590,100.000000
21 Jun 2027 06:01:28.949,100.000000
21 Jun 2027 06:02:33.308,100.000000
21 Jun 2027 06:03:37.667,100.000000
21 Jun 2027 06:04:42.026,100.000000
21 Jun 2027 06:05:46.385,100.000000
21 Jun 2027 06:06:50.744,39.286428
21 Jun 2027 06:07:55.103,0.000000
21 Jun 2027 06:08:59.462,0.000000
21 Jun 2027 06:10:03.821,0.000000
21 Jun 2027 06:11:08.179,0.000000
21 Jun 2027 06:12:12.538,0.000000
21 Jun 2027 06:13:16.897,0.000000
21 Jun 2027 06:14:21.256,0.000000
21 Jun 2027 06:15:25.615,0.000000
21 Jun 2027 06:16:29.974,0.000000
21 Jun 2027 06:17:34.333,0.000000
21 Jun 2027 06:18:38.692,0.000000
21 Jun 2027 06:19:43.051,0.000000
21 Jun 2027 06:20:47.409,0.000000
21 Jun 2027 06:21:51.768,0.000000
21 Jun 2027 06:22:56.127,0.000000
21 Jun 2027 06:24:00.486,0.000000
21 Jun 2027 06:25:04.845,0.000000
21 Jun 2027 06:26:09.204,0.000000
21 Jun 2027 06:27:13.563,0.000000
21 Jun 2027 06:28:17.922,0.000000
21 Jun 2027 06:29:22.281,0.000000
21 Jun 2027 06:30:26.640,0.084417
21 Jun 2027 06:31:30.999,100.000000
21 Jun 2027 06:32:35.357,100.000000
21 Jun 2027 06:33:39.716,100.000000
21 Jun 2027 06:34:44.075,100.000000
21 Jun 2027 06:35:48.434,100.000000
21 Jun 2027 06:36:52.793,100.000000
21 Jun 2027 06:37:57.152,100.000000
21 Jun 2027 06:39:01.511,100.000000
21 Jun 2027 06:40:05.870,100.000000
21 Jun 2027 06:41:10.229,100.000000
21 Jun 2027 06:42:14.587,100.000000
21 Jun 2027 06:43:18.946,100.000000
21 Jun 2027 06:44:23.305,100.000000
21 Jun 2027 06:45:27.664,100.000000
21 Jun 2027 06:46:32.023,100.000000
21 Jun 2027 06:47:36.382,100.000000
21 Jun 2027 06:48:40.741,100.000000
21 Jun 2027 06:49:45.100,100.000000
21 Jun 2027 06:50:49.459,100.000000
21 Jun 2027 06:51:53.818,100.000000
21 Jun 2027 06:52:58.177,100.000000
21 Jun 2027 06:54:02.535,100.000000
21 Jun 2027 06:55:06.894,100.000000
21 Jun 2027 06:56:11.253,100.000000
21 Jun 2027 06:57:15.612,100.000000
21 Jun 2027 06:58:19.971,100.000000
21 Jun 2027 06:59:24.330,100.000000
21 Jun 2027 07:00:28.689,100.000000
21 Jun 2027 07:01:33.048,100.000000
21 Jun 2027 07:02:37.407,100.000000
21 Jun 2027 07:03:41.766,100.000000
21 Jun 2027 07:04:46.124,100.000000
21 Jun 2027 07:05:50.483,100.000000
21 Jun 2027 07:06:54.842,100.000000
21 Jun 2027 07:07:59.201,100.000000
21 Jun 2027 07:09:03.560,100.000000
21 Jun 2027 07:10:07.919,100.000000
21 Jun 2027 07:11:12.278,100.000000
21 Jun 2027 07:12:16.637,100.000000
21 Jun 2027 07:13:20.996,100.000000
21 Jun 2027 07:14:25.354,100.000000
21 Jun 2027 07:15:29.713,100.000000
21 Jun 2027 07:16:34.072,100.000000
21 Jun 2027 07:17:38.431,100.000000
21 Jun 2027 07:18:42.790,100.000000
21 Jun 2027 07:19:47.149,100.000000
21 Jun 2027 07:20:51.508,100.000000
21 Jun 2027 07:21:55.867,100.000000
21 Jun 2027 07:23:00.226,100.000000
21 Jun 2027 07:24:04.585,100.000000
21 Jun 2027 07:25:08.944,100.000000
21 Jun 2027 07:26:13.302,100.000000
21 Jun 2027 07:27:17.661,100.000000
21 Jun 2027 07:28:22.020,100.000000
21 Jun 2027 07:29:26.379,100.000000
21 Jun 2027 07:30:30.738,100.000000
21 Jun 2027 07:31:35.097,100.000000
21 Jun 2027 07:32:39.456,100.000000
21 Jun 2027 07:33:43.815,100.000000
21 Jun 2027 07:34:48.174,100.000000
21 Jun 2027 07:35:52.532,100.000000
21 Jun 2027 07:36:56.891,100.000000
21 Jun 2027 07:38:01.250,100.000000
21 Jun 2027 07:39:05.609,100.000000
21 Jun 2027 07:40:09.968,67.876451
21 Jun 2027 07:41:14.327,0.000000
21 Jun 2027 07:42:18.686,0.000000
21 Jun 2027 07:43:23.045,0.000000
21 Jun 2027 07:44:27.404,0.000000
21 Jun 2027 07:45:31.763,0.000000
21 Jun 2027 07:46:36.122,0.000000
21 Jun 2027 07:47:40.480,0.000000
21 Jun 2027 07:48:44.839,0.000000
21 Jun 2027 07:49:49.198,0.000000
21 Jun 2027 07:50:53.557,0.000000
21 Jun 2027 07:51:57.916,0.000000
21 Jun 2027 07:53:02.275,0.000000
21 Jun 2027 07:54:06.634,0.000000
21 Jun 2027 07:55:10.993,0.000000
21 Jun 2027 07:56:15.352,0.000000
21 Jun 2027 07:57:19.710,0.000000
21 Jun 2027 07:58:24.069,0.000000
21 Jun 2027 07:59:28.428,0.000000
21 Jun 2027 08:00:32.787,0.000000
21 Jun 2027 08:01:37.146,0.000000
21 Jun 2027 08:02:41.505,0.000000
21 Jun 2027 08:03:45.864,0.000000
21 Jun 2027 08:04:50.223,100.000000
21 Jun 2027 08:05:54.582,100.000000
21 Jun 2027 08:06:58.941,100.000000
21 Jun 2027 08:08:03.299,100.000000
21 Jun 2027 08:09:07.658,100.000000
21 Jun 2027 08:10:12.017,100.000000
21 Jun 2027 08:11:16.376,100.000000
21 Jun 2027 08:12:20.735,100.000000
21 Jun 2027 08:13:25.094,100.000000
21 Jun 2027 08:14:29.453,100.000000
21 Jun 2027 08:15:33.812,100.000000
21 Jun 2027 08:16:38.171,100.000000
21 Jun 2027 08:17:42.530,100.000000
21 Jun 2027 08:18:46.889,100.000000
21 Jun 2027 08:19:51.247,100.000000
21 Jun 2027 08:20:55.606,100.000000
21 Jun 2027 08:21:59.965,100.000000
21 Jun 2027 08:23:04.324,100.000000
21 Jun 2027 08:24:08.683,100.000000
21 Jun 2027 08:25:13.042,100.000000
21 Jun 2027 08:26:17.401,100.000000
21 Jun 2027 08:27:21.760,100.000000
21 Jun 2027 08:28:26.119,100.000000
21 Jun 2027 08:29:30.477,100.000000
21 Jun 2027 08:30:34.836,100.000000
21 Jun 2027 08:31:39.195,100.000000
21 Jun 2027 08:32:43.554,100.000000
21 Jun 2027 08:33:47.913,100.000000
21 Jun 2027 08:34:52.272,100.000000
21 Jun 2027 08:35:56.631,100.000000
21 Jun 2027 08:37:00.990,100.000000
21 Jun 2027 08:38:05.349,100.000000
21 Jun 2027 08:39:09.708,100.000000
21 Jun 2027 08:40:14.067,100.000000
21 Jun 2027 08:41:18.425,100.000000
21 Jun 2027 08:42:22.784,100.000000
21 Jun 2027 08:43:27.143,100.000000
21 Jun 2027 08:44:31.502,100.000000
21 Jun 2027 08:45:35.861,100.000000
21 Jun 2027 08:46:40.220,100.000000
21 Jun 2027 08:47:44.579,100.000000
21 Jun 2027 08:48:48.938,100.000000
21 Jun 2027 08:49:53.297,100.000000
21 Jun 2027 08:50:57.655,100.000000
21 Jun 2027 08:52:02.014,100.000000
21 Jun 2027 08:53:06.373,100.000000
21 Jun 2027 08:54:10.732,100.000000
21 Jun 2027 08:55:15.091,100.000000
21 Jun 2027 08:56:19.450,100.000000
21 Jun 2027 08:57:23.809,100.000000
21 Jun 2027 08:58:28.168,100.000000
21 Jun 2027 08:59:32.527,100.000000
21 Jun 2027 09:00:36.886,100.000000
21 Jun 2027 09:01:41.245,100.000000
21 Jun 2027 09:02:45.603,100.000000
21 Jun 2027 09:03:49.962,100.000000
21 Jun 2027 09:04:54.321,100.000000
21 Jun 2027 09:05:58.680,100.000000
21 Jun 2027 09:07:03.039,100.000000
21 Jun 2027 09:08:07.398,100.000000
21 Jun 2027 09:09:11.757,100.000000
21 Jun 2027 09:10:16.116,100.000000
21 Jun 2027 09:11:20.475,100.000000
21 Jun 2027 09:12:24.834,100.000000
21 Jun 2027 09:13:29.192,92.378622
21 Jun 2027 09:14:33.551,0.000000
21 Jun 2027 09:15:37.910,0.000000
21 Jun 2027 09:16:42.269,0.000000
21 Jun 2027 09:17:46.628,0.000000
21 Jun 2027 09:18:50.987,0.000000
21 Jun 2027 09:19:55.346,0.000000
21 Jun 2027 09:20:59.705,0.000000
21 Jun 2027 09:22:04.064,0.000000
21 Jun 2027 09:23:08.422,0.000000
21 Jun 2027 09:24:12.781,0.000000
21 Jun 2027 09:25:17.140,0.000000
21 Jun 2027 09:26:21.499,0.000000
21 Jun 2027 09:27:25.858,0.000000
21 Jun 2027 09:28:30.217,0.000000
21 Jun 2027 09:29:34.576,0.000000
21 Jun 2027 09:30:38.935,0.000000
21 Jun 2027 09:31:43.294,0.000000
21 Jun 2027 09:32:47.653,0.000000
21 Jun 2027 09:33:52.012,0.000000
21 Jun 2027 09:34:56.370,0.000000
21 Jun 2027 09:36:00.729,0.000000
21 Jun 2027 09:37:05.088,0.000000
21 Jun 2027 09:38:09.447,100.000000
21 Jun 2027 09:39:13.806,100.000000
21 Jun 2027 09:40:18.165,100.000000
21 Jun 2027 09:41:22.524,100.000000
21 Jun 2027 09:42:26.883,100.000000
21 Jun 2027 09:43:31.242,100.000000
21 Jun 2027 09:44:35.600,100.000000
21 Jun 2027 09:45:39.959,100.000000
21 Jun 2027 09:46:44.318,100.000000
21 Jun 2027 09:47:48.677,100.000000
21 Jun 2027 09:48:53.036,100.000000
21 Jun 2027 09:49:57.395,100.000000
21 Jun 2027 09:51:01.754,100.000000
21 Jun 2027 09:52:06.113,100.000000
21 Jun 2027 09:53:10.472,100.000000
21 Jun 2027 09:54:14.831,100.000000
21 Jun 2027 09:55:19.190,100.000000
21 Jun 2027 09:56:23.548,100.000000
21 Jun 2027 09:57:27.907,100.000000
21 Jun 2027 09:58:32.266,100.000000
21 Jun 2027 09:59:36.625,100.000000
21 Jun 2027 10:00:40.984,100.000000
21 Jun 2027 10:01:45.343,100.000000
21 Jun 2027 10:02:49.702,100.000000
21 Jun 2027 10:03:54.061,100.000000
21 Jun 2027 10:04:58.420,100.000000
21 Jun 2027 10:06:02.778,100.000000
21 Jun 2027 10:07:07.137,100.000000
21 Jun 2027 10:08:11.496,100.000000
21 Jun 2027 10:09:15.855,100.000000
21 Jun 2027 10:10:20.214,100.000000
21 Jun 2027 10:11:24.573,100.000000
21 Jun 2027 10:12:28.932,100.000000
21 Jun 2027 10:13:33.291,100.000000
21 Jun 2027 10:14:37.650,100.000000
21 Jun 2027 10:15:42.009,100.000000
21 Jun 2027 10:16:46.367,100.000000
21 Jun 2027 10:17:50.726,100.000000
21 Jun 2027 10:18:55.085,100.000000
21 Jun 2027 10:19:59.444,100.000000
21 Jun 2027 10:21:03.803,100.000000
21 Jun 2027 10:22:08.162,100.000000
21 Jun 2027 10:23:12.521,100.000000
21 Jun 2027 10:24:16.880,100.000000
21 Jun 2027 10:25:21.239,100.000000
21 Jun 2027 10:26:25.598,100.000000
21 Jun 2027 10:27:29.957,100.000000
21 Jun 2027 10:28:34.315,100.000000
21 Jun 2027 10:29:38.674,100.000000
21 Jun 2027 10:30:43.033,100.000000
21 Jun 2027 10:31:47.392,100.000000
21 Jun 2027 10:32:51.751,100.000000
21 Jun 2027 10:33:56.110,100.000000
21 Jun 2027 10:35:00.469,100.000000
21 Jun 2027 10:36:04.828,100.000000
21 Jun 2027 10:37:09.187,100.000000
21 Jun 2027 10:38:13.545,100.000000
21 Jun 2027 10:39:17.904,100.000000
21 Jun 2027 10:40:22.263,100.000000
21 Jun 2027 10:41:26.622,100.000000
21 Jun 2027 10:42:30.981,100.000000
21 Jun 2027 10:43:35.340,100.000000
21 Jun 2027 10:44:39.699,100.000000
21 Jun 2027 10:45:44.058,100.000000
21 Jun 2027 10:46:48.417,100.000000
21 Jun 2027 10:47:52.776,0.000000
21 Jun 2027 10:48:57.135,0.000000
21 Jun 2027 10:50:01.493,0.000000
21 Jun 2027 10:51:05.852,0.000000
21 Jun 2027 10:52:10.211,0.000000
21 Jun 2027 10:53:14.570,0.000000
21 Jun 2027 10:54:18.929,0.000000
21 Jun 2027 10:55:23.288,0.000000
21 Jun 2027 10:56:27.647,0.000000
21 Jun 2027 10:57:32.006,0.000000
21 Jun 2027 10:58:36.365,0.000000
21 Jun 2027 10:59:40.723,0.000000
21 Jun 2027 11:00:45.082,0.000000
21 Jun 2027 11:01:49.441,0.000000
21 Jun 2027 11:02:53.800,0.000000
21 Jun 2027 11:03:58.159,0.000000
21 Jun 2027 11:05:02.518,0.000000
21 Jun 2027 11:06:06.877,0.000000
21 Jun 2027 11:07:11.236,0.000000
21 Jun 2027 11:08:15.595,0.000000
21 Jun 2027 11:09:19.954,0.000000
21 Jun 2027 11:10:24.313,0.000000
21 Jun 2027 11:11:28.671,100.000000
21 Jun 2027 11:12:33.030,100.000000
21 Jun 2027 11:13:37.389,100.000000
21 Jun 2027 11:14:41.748,100.000000
21 Jun 2027 11:15:46.107,100.000000
21 Jun 2027 11:16:50.466,100.000000
21 Jun 2027 11:17:54.825,100.000000
21 Jun 2027 11:18:59.184,100.000000
21 Jun 2027 11:20:03.543,100.000000
21 Jun 2027 11:21:07.901,100.000000
21 Jun 2027 11:22:12.260,100.000000
21 Jun 2027 11:23:16.619,100.000000
21 Jun 2027 11:24:20.978,100.000000
21 Jun 2027 11:25:25.337,100.000000
21 Jun 2027 11:26:29.696,100.000000
21 Jun 2027 11:27:34.055,100.000000
21 Jun 2027 11:28:38.414,100.000000
21 Jun 2027 11:29:42.773,100.000000
21 Jun 2027 11:30:47.132,100.000000
21 Jun 2027 11:31:51.490,100.000000
21 Jun 2027 11:32:55.849,100.000000
21 Jun 2027 11:34:00.208,100.000000
21 Jun 2027 11:35:04.567,100.000000
21 Jun 2027 11:36:08.926,100.000000
21 Jun 2027 11:37:13.285,100.000000
21 Jun 2027 11:38:17.644,100.000000
21 Jun 2027 11:39:22.003,100.000000
21 Jun 2027 11:40:26.362,100.000000
21 Jun 2027 11:41:30.721,100.000000
21 Jun 2027 11:42:35.080,100.000000
21 Jun 2027 11:43:39.438,100.000000
21 Jun 2027 11:44:43.797,100.000000
21 Jun 2027 11:45:48.156,100.000000
21 Jun 2027 11:46:52.515,100.000000
21 Jun 2027 11:47:56.874,100.000000
21 Jun 2027 11:49:01.233,100.000000
21 Jun 2027 11:50:05.592,100.000000
21 Jun 2027 11:51:09.951,100.000000
21 Jun 2027 11:52:14.310,100.000000
21 Jun 2027 11:53:18.668,100.000000
21 Jun 2027 11:54:23.027,100.000000
21 Jun 2027 11:55:27.386,100.000000
21 Jun 2027 11:56:31.745,100.000000
21 Jun 2027 11:57:36.104,100.000000
21 Jun 2027 11:58:40.463,100.000000
21 Jun 2027 11:59:44.822,100.000000
21 Jun 2027 12:00:49.181,100.000000
21 Jun 2027 12:01:53.540,100.000000
21 Jun 2027 12:02:57.899,100.000000
21 Jun 2027 12:04:02.258,100.000000
21 Jun 2027 12:05:06.616,100.000000
21 Jun 2027 12:06:10.975,100.000000
21 Jun 2027 12:07:15.334,100.000000
21 Jun 2027 12:08:19.693,100.000000
21 Jun 2027 12:09:24.052,100.000000
21 Jun 2027 12:10:28.411,100.000000
21 Jun 2027 12:11:32.770,100.000000
21 Jun 2027 12:12:37.129,100.000000
21 Jun 2027 12:13:41.488,100.000000
21 Jun 2027 12:14:45.846,100.000000
21 Jun 2027 12:15:50.205,100.000000
21 Jun 2027 12:16:54.564,100.000000
21 Jun 2027 12:17:58.923,100.000000
21 Jun 2027 12:19:03.282,100.000000
21 Jun 2027 12:20:07.641,100.000000
21 Jun 2027 12:21:12.000,0.000000
21 Jun 2027 12:22:16.359,0.000000
21 Jun 2027 12:23:20.718,0.000000
21 Jun 2027 12:24:25.077,0.000000
21 Jun 2027 12:25:29.435,0.000000
21 Jun 2027 12:26:33.794,0.000000
21 Jun 2027 12:27:38.153,0.000000
21 Jun 2027 12:28:42.512,0.000000
21 Jun 2027 12:29:46.871,0.000000
21 Jun 2027 12:30:51.230,0.000000
21 Jun 2027 12:31:55.589,0.000000
21 Jun 2027 12:32:59.948,0.000000
21 Jun 2027 12:34:04.307,0.000000
21 Jun 2027 12:35:08.666,0.000000
21 Jun 2027 12:36:13.025,0.000000
21 Jun 2027 12:37:17.383,0.000000
21 Jun 2027 12:38:21.742,0.000000
21 Jun 2027 12:39:26.101,0.000000
21 Jun 2027 12:40:30.460,0.000000
21 Jun 2027 12:41:34.819,0.000000
21 Jun 2027 12:42:39.178,0.000000
21 Jun 2027 12:43:43.537,0.000000
21 Jun 2027 12:44:47.896,100.000000
21 Jun 2027 12:45:52.255,100.000000
21 Jun 2027 12:46:56.613,100.000000
21 Jun 2027 12:48:00.972,100.000000
21 Jun 2027 12:49:05.331,100.000000
21 Jun 2027 12:50:09.690,100.000000
21 Jun 2027 12:51:14.049,100.000000
21 Jun 2027 12:52:18.408,100.000000
21 Jun 2027 12:53:22.767,100.000000
21 Jun 2027 12:54:27.126,100.000000
21 Jun 2027 12:55:31.485,100.000000
21 Jun 2027 12:56:35.844,100.000000
21 Jun 2027 12:57:40.203,100.000000
21 Jun 2027 12:58:44.561,100.000000
21 Jun 2027 12:59:48.920,100.000000
21 Jun 2027 13:00:53.279,100.000000
21 Jun 2027 13:01:57.638,100.000000
21 Jun 2027 13:03:01.997,100.000000
21 Jun 2027 13:04:06.356,100.000000
21 Jun 2027 13:05:10.715,100.000000
21 Jun 2027 13:06:15.074,100.000000
21 Jun 2027 13:07:19.433,100.000000
21 Jun 2027 13:08:23.791,100.000000
21 Jun 2027 13:09:28.150,100.000000
21 Jun 2027 13:10:32.509,100.000000
21 Jun 2027 13:11:36.868,100.000000
21 Jun 2027 13:12:41.227,100.000000
21 Jun 2027 13:13:45.586,100.000000
21 Jun 2027 13:14:49.945,100.000000
21 Jun 2027 13:15:54.304,100.000000
21 Jun 2027 13:16:58.663,100.000000
21 Jun 2027 13:18:03.022,100.000000
21 Jun 2027 13:19:07.380,100.000000
21 Jun 2027 13:20:11.739,100.000000
21 Jun 2027 13:21:16.098,100.000000
21 Jun 2027 13:22:20.457,100.000000
21 Jun 2027 13:23:24.816,100.000000
21 Jun 2027 13:24:29.175,100.000000
21 Jun 2027 13:25:33.534,100.000000
21 Jun 2027 13:26:37.893,100.000000
21 Jun 2027 13:27:42.252,100.000000
21 Jun 2027 13:28:46.611,100.000000
21 Jun 2027 13:29:50.969,100.000000
21 Jun 2027 13:30:55.328,100.000000
21 Jun 2027 13:31:59.687,100.000000
21 Jun 2027 13:33:04.046,100.000000
21 Jun 2027 13:34:08.405,100.000000
21 Jun 2027 13:35:12.764,100.000000
21 Jun 2027 13:36:17.123,100.000000
21 Jun 2027 13:37:21.482,100.000000
21 Jun 2027 13:38:25.841,100.000000
21 Jun 2027 13:39:30.200,100.000000
21 Jun 2027 13:40:34.558,100.000000
21 Jun 2027 13:41:38.917,100.000000
21 Jun 2027 13:42:43.276,100.000000
21 Jun 2027 13:43:47.635,100.000000
21 Jun 2027 13:44:51.994,100.000000
21 Jun 2027 13:45:56.353,100.000000
21 Jun 2027 13:47:00.712,100.000000
21 Jun 2027 13:48:05.071,100.000000
21 Jun 2027 13:49:09.430,100.000000
21 Jun 2027 13:50:13.789,100.000000
21 Jun 2027 13:51:18.148,100.000000
21 Jun 2027 13:52:22.506,100.000000
21 Jun 2027 13:53:26.865,100.000000
21 Jun 2027 13:54:31.224,0.000000
21 Jun 2027 13:55:35.583,0.000000
21 Jun 2027 13:56:39.942,0.000000
21 Jun 2027 13:57:44.301,0.000000
21 Jun 2027 13:58:48.660,0.000000
21 Jun 2027 13:59:53.019,0.000000
21 Jun 2027 14:00:57.378,0.000000
21 Jun 2027 14:02:01.736,0.000000
21 Jun 2027 14:03:06.095,0.000000
21 Jun 2027 14:04:10.454,0.000000
21 Jun 2027 14:05:14.813,0.000000
21 Jun 2027 14:06:19.172,0.000000
21 Jun 2027 14:07:23.531,0.000000
21 Jun 2027 14:08:27.890,0.000000
21 Jun 2027 14:09:32.249,0.000000
21 Jun 2027 14:10:36.608,0.000000
21 Jun 2027 14:11:40.967,0.000000
21 Jun 2027 14:12:45.326,0.000000
21 Jun 2027 14:13:49.684,0.000000
21 Jun 2027 14:14:54.043,0.000000
21 Jun 2027 14:15:58.402,0.000000
21 Jun 2027 14:17:02.761,0.000000
21 Jun 2027 14:18:07.120,100.000000
21 Jun 2027 14:19:11.479,100.000000
21 Jun 2027 14:20:15.838,100.000000
21 Jun 2027 14:21:20.197,100.000000
21 Jun 2027 14:22:24.556,100.000000
21 Jun 2027 14:23:28.914,100.000000
21 Jun 2027 14:24:33.273,100.000000
21 Jun 2027 14:25:37.632,100.000000
21 Jun 2027 14:26:41.991,100.000000
21 Jun 2027 14:27:46.350,100.000000
21 Jun 2027 14:28:50.709,100.000000
21 Jun 2027 14:29:55.068,100.000000
21 Jun 2027 14:30:59.427,100.000000
21 Jun 2027 14:32:03.786,100.000000
21 Jun 2027 14:33:08.145,100.000000
21 Jun 2027 14:34:12.503,100.000000
21 Jun 2027 14:35:16.862,100.000000
21 Jun 2027 14:36:21.221,100.000000
21 Jun 2027 14:37:25.580,100.000000
21 Jun 2027 14:38:29.939,100.000000
21 Jun 2027 14:39:34.298,100.000000
21 Jun 2027 14:40:38.657,100.000000
21 Jun 2027 14:41:43.016,100.000000
21 Jun 2027 14:42:47.375,100.000000
21 Jun 2027 14:43:51.734,100.000000
21 Jun 2027 14:44:56.093,100.000000
21 Jun 2027 14:46:00.451,100.000000
21 Jun 2027 14:47:04.810,100.000000
21 Jun 2027 14:48:09.169,100.000000
21 Jun 2027 14:49:13.528,100.000000
21 Jun 2027 14:50:17.887,100.000000
21 Jun 2027 14:51:22.246,100.000000
21 Jun 2027 14:52:26.605,100.000000
21 Jun 2027 14:53:30.964,100.000000
21 Jun 2027 14:54:35.323,100.000000
21 Jun 2027 14:55:39.681,100.000000
21 Jun 2027 14:56:44.040,100.000000
21 Jun 2027 14:57:48.399,100.000000
21 Jun 2027 14:58:52.758,100.000000
21 Jun 2027 14:59:57.117,100.000000
21 Jun 2027 15:01:01.476,100.000000
21 Jun 2027 15:02:05.835,100.000000
21 Jun 2027 15:03:10.194,100.000000
21 Jun 2027 15:04:14.553,100.000000
21 Jun 2027 15:05:18.912,100.000000
21 Jun 2027 15:06:23.271,100.000000
21 Jun 2027 15:07:27.629,100.000000
21 Jun 2027 15:08:31.988,100.000000
21 Jun 2027 15:09:36.347,100.000000
21 Jun 2027 15:10:40.706,100.000000
21 Jun 2027 15:11:45.065,100.000000
21 Jun 2027 15:12:49.424,100.000000
21 Jun 2027 15:13:53.783,100.000000
21 Jun 2027 15:14:58.142,100.000000
21 Jun 2027 15:16:02.501,100.000000
21 Jun 2027 15:17:06.859,100.000000
21 Jun 2027 15:18:11.218,100.000000
21 Jun 2027 15:19:15.577,100.000000
21 Jun 2027 15:20:19.936,100.000000
21 Jun 2027 15:21:24.295,100.000000
21 Jun 2027 15:22:28.654,100.000000
21 Jun 2027 15:23:33.013,100.000000
21 Jun 2027 15:24:37.372,100.000000
21 Jun 2027 15:25:41.731,100.000000
21 Jun 2027 15:26:46.090,100.000000
21 Jun 2027 15:27:50.448,0.000000
21 Jun 2027 15:28:54.807,0.000000
21 Jun 2027 15:29:59.166,0.000000
21 Jun 2027 15:31:03.525,0.000000
21 Jun 2027 15:32:07.884,0.000000
21 Jun 2027 15:33:12.243,0.000000
21 Jun 2027 15:34:16.602,0.000000
21 Jun 2027 15:35:20.961,0.000000
21 Jun 2027 15:36:25.320,0.000000
21 Jun 2027 15:37:29.679,0.000000
21 Jun 2027 15:38:34.037,0.000000
21 Jun 2027 15:39:38.396,0.000000
21 Jun 2027 15:40:42.755,0.000000
21 Jun 2027 15:41:47.114,0.000000
21 Jun 2027 15:42:51.473,0.000000
21 Jun 2027 15:43:55.832,0.000000
21 Jun 2027 15:45:00.191,0.000000
21 Jun 2027 15:46:04.550,0.000000
21 Jun 2027 15:47:08.909,0.000000
21 Jun 2027 15:48:13.268,0.000000
21 Jun 2027 15:49:17.626,0.000000
21 Jun 2027 15:50:21.985,0.000000
21 Jun 2027 15:51:26.344,100.000000
21 Jun 2027 15:52:30.703,100.000000
21 Jun 2027 15:53:35.062,100.000000
21 Jun 2027 15:54:39.421,100.000000
21 Jun 2027 15:55:43.780,100.000000
21 Jun 2027 15:56:48.139,100.000000
21 Jun 2027 15:57:52.498,100.000000
21 Jun 2027 15:58:56.857,100.000000
21 Jun 2027 16:00:01.216,100.000000
21 Jun 2027 16:01:05.574,100.000000
21 Jun 2027 16:02:09.933,100.000000
21 Jun 2027 16:03:14.292,100.000000
21 Jun 2027 16:04:18.651,100.000000
21 Jun 2027 16:05:23.010,100.000000
21 Jun 2027 16:06:27.369,100.000000
21 Jun 2027 16:07:31.728,100.000000
21 Jun 2027 16:08:36.087,100.000000
21 Jun 2027 16:09:40.446,100.000000
21 Jun 2027 16:10:44.804,100.000000
21 Jun 2027 16:11:49.163,100.000000
21 Jun 2027 16:12:53.522,100.000000
21 Jun 2027 16:13:57.881,100.000000
21 Jun 2027 16:15:02.240,100.000000
21 Jun 2027 16:16:06.599,100.000000
21 Jun 2027 16:17:10.958,100.000000
21 Jun 2027 16:18:15.317,100.000000
21 Jun 2027 16:19:19.676,100.000000
21 Jun 2027 16:20:24.035,100.000000
21 Jun 2027 16:21:28.394,100.000000
21 Jun 2027 16:22:32.752,100.000000
21 Jun 2027 16:23:37.111,100.000000
21 Jun 2027 16:24:41.470,100.000000
21 Jun 2027 16:25:45.829,100.000000
21 Jun 2027 16:26:50.188,100.000000
21 Jun 2027 16:27:54.547,100.000000
21 Jun 2027 16:28:58.906,100.000000
21 Jun 2027 16:30:03.265,100.000000
21 Jun 2027 16:31:07.624,100.000000
21 Jun 2027 16:32:11.982,100.000000
21 Jun 2027 16:33:16.341,100.000000
21 Jun 2027 16:34:20.700,100.000000
21 Jun 2027 16:35:25.059,100.000000
21 Jun 2027 16:36:29.418,100.000000
21 Jun 2027 16:37:33.777,100.000000
21 Jun 2027 16:38:38.136,100.000000
21 Jun 2027 16:39:42.495,100.000000
21 Jun 2027 16:40:46.854,100.000000
21 Jun 2027 16:41:51.213,100.000000
21 Jun 2027 16:42:55.571,100.000000
21 Jun 2027 16:43:59.930,100.000000
21 Jun 2027 16:45:04.289,100.000000
21 Jun 2027 16:46:08.648,100.000000
21 Jun 2027 16:47:13.007,100.000000
21 Jun 2027 16:48:17.366,100.000000
21 Jun 2027 16:49:21.725,100.000000
21 Jun 2027 16:50:26.084,100.000000
21 Jun 2027 16:51:30.443,100.000000
21 Jun 2027 16:52:34.802,100.000000
21 Jun 2027 16:53:39.161,100.000000
21 Jun 2027 16:54:43.519,100.000000
21 Jun 2027 16:55:47.878,100.000000
21 Jun 2027 16:56:52.237,100.000000
21 Jun 2027 16:57:56.596,100.000000
21 Jun 2027 16:59:00.955,100.000000
21 Jun 2027 17:00:05.314,100.000000
21 Jun 2027 17:01:09.673,0.000000
21 Jun 2027 17:02:14.032,0.000000
21 Jun 2027 17:03:18.391,0.000000
21 Jun 2027 17:04:22.749,0.000000
21 Jun 2027 17:05:27.108,0.000000
21 Jun 2027 17:06:31.467,0.000000
21 Jun 2027 17:07:35.826,0.000000
21 Jun 2027 17:08:40.185,0.000000
21 Jun 2027 17:09:44.544,0.000000
21 Jun 2027 17:10:48.903,0.000000
21 Jun 2027 17:11:53.262,0.000000
21 Jun 2027 17:12:57.621,0.000000
21 Jun 2027 17:14:01.980,0.000000
21 Jun 2027 17:15:06.339,0.000000
21 Jun 2027 17:16:10.697,0.000000
21 Jun 2027 17:17:15.056,0.000000
21 Jun 2027 17:18:19.415,0.000000
21 Jun 2027 17:19:23.774,0.000000
21 Jun 2027 17:20:28.133,0.000000
21 Jun 2027 17:21:32.492,0.000000
21 Jun 2027 17:22:36.851,0.000000
21 Jun 2027 17:23:41.210,0.000000
21 Jun 2027 17:24:45.569,100.000000
21 Jun 2027 17:25:49.927,100.000000
21 Jun 2027 17:26:54.286,100.000000
21 Jun 2027 17:27:58.645,100.000000
21 Jun 2027 17:29:03.004,100.000000
21 Jun 2027 17:30:07.363,100.000000
21 Jun 2027 17:31:11.722,100.000000
21 Jun 2027 17:32:16.081,100.000000
21 Jun 2027 17:33:20.440,100.000000
21 Jun 2027 17:34:24.799,100.000000
21 Jun 2027 17:35:29.158,100.000000
21 Jun 2027 17:36:33.516,100.000000
21 Jun 2027 17:37:37.875,100.000000
21 Jun 2027 17:38:42.234,100.000000
21 Jun 2027 17:39:46.593,100.000000
21 Jun 2027 17:40:50.952,100.000000
21 Jun 2027 17:41:55.311,100.000000
21 Jun 2027 17:42:59.670,100.000000
21 Jun 2027 17:44:04.029,100.000000
21 Jun 2027 17:45:08.388,100.000000
21 Jun 2027 17:46:12.747,100.000000
21 Jun 2027 17:47:17.105,100.000000
21 Jun 2027 17:48:21.464,100.000000
21 Jun 2027 17:49:25.823,100.000000
21 Jun 2027 17:50:30.182,100.000000
21 Jun 2027 17:51:34.541,100.000000
21 Jun 2027 17:52:38.900,100.000000
21 Jun 2027 17:53:43.259,100.000000
21 Jun 2027 17:54:47.618,100.000000
21 Jun 2027 17:55:51.977,100.000000
21 Jun 2027 17:56:56.336,100.000000
21 Jun 2027 17:58:00.694,100.000000
21 Jun 2027 17:59:05.053,100.000000
21 Jun 2027 18:00:09.412,100.000000
21 Jun 2027 18:01:13.771,100.000000
21 Jun 2027 18:02:18.130,100.000000
21 Jun 2027 18:03:22.489,100.000000
21 Jun 2027 18:04:26.848,100.000000
21 Jun 2027 18:05:31.207,100.000000
21 Jun 2027 18:06:35.566,100.000000
21 Jun 2027 18:07:39.925,100.000000
21 Jun 2027 18:08:44.284,100.000000
21 Jun 2027 18:09:48.642,100.000000
21 Jun 2027 18:10:53.001,100.000000
21 Jun 2027 18:11:57.360,100.000000
21 Jun 2027 18:13:01.719,100.000000
21 Jun 2027 18:14:06.078,100.000000
21 Jun 2027 18:15:10.437,100.000000
21 Jun 2027 18:16:14.796,100.000000
21 Jun 2027 18:17:19.155,100.000000
21 Jun 2027 18:18:23.514,100.000000
21 Jun 2027 18:19:27.872,100.000000
21 Jun 2027 18:20:32.231,100.000000
21 Jun 2027 18:21:36.590,100.000000
21 Jun 2027 18:22:40.949,100.000000
21 Jun 2027 18:23:45.308,100.000000
21 Jun 2027 18:24:49.667,100.000000
21 Jun 2027 18:25:54.026,100.000000
21 Jun 2027 18:26:58.385,100.000000
21 Jun 2027 18:28:02.744,100.000000
21 Jun 2027 18:29:07.103,100.000000
21 Jun 2027 18:30:11.462,100.000000
21 Jun 2027 18:31:15.820,100.000000
21 Jun 2027 18:32:20.179,100.000000
21 Jun 2027 18:33:24.538,100.000000
21 Jun 2027 18:34:28.897,0.000000
21 Jun 2027 18:35:33.256,0.000000
21 Jun 2027 18:36:37.615,0.000000
21 Jun 2027 18:37:41.974,0.000000
21 Jun 2027 18:38:46.333,0.000000
21 Jun 2027 18:39:50.692,0.000000
21 Jun 2027 18:40:55.050,0.000000
21 Jun 2027 18:41:59.409,0.000000
21 Jun 2027 18:43:03.768,0.000000
21 Jun 2027 18:44:08.127,0.000000
21 Jun 2027 18:45:12.486,0.000000
21 Jun 2027 18:46:16.845,0.000000
21 Jun 2027 18:47:21.204,0.000000
21 Jun 2027 18:48:25.563,0.000000
21 Jun 2027 18:49:29.922,0.000000
21 Jun 2027 18:50:34.281,0.000000
21 Jun 2027 18:51:38.639,0.000000
21 Jun 2027 18:52:42.998,0.000000
21 Jun 2027 18:53:47.357,0.000000
21 Jun 2027 18:54:51.716,0.000000
21 Jun 2027 18:55:56.075,0.000000
21 Jun 2027 18:57:00.434,0.000000
21 Jun 2027 18:58:04.793,100.000000
21 Jun 2027 18:59:09.152,100.000000
21 Jun 2027 19:00:13.511,100.000000
21 Jun 2027 19:01:17.870,100.000000
21 Jun 2027 19:02:22.229,100.000000
21 Jun 2027 19:03:26.587,100.000000
21 Jun 2027 19:04:30.946,100.000000
21 Jun 2027 19:05:35.305,100.000000
21 Jun 2027 19:06:39.664,100.000000
21 Jun 2027 19:07:44.023,100.000000
21 Jun 2027 19:08:48.382,100.000000
21 Jun 2027 19:09:52.741,100.000000
21 Jun 2027 19:10:57.100,100.000000
21 Jun 2027 19:12:01.459,100.000000
21 Jun 2027 19:13:05.817,100.000000
21 Jun 2027 19:14:10.176,100.000000
21 Jun 2027 19:15:14.535,100.000000
21 Jun 2027 19:16:18.894,100.000000
21 Jun 2027 19:17:23.253,100.000000
21 Jun 2027 19:18:27.612,100.000000
21 Jun 2027 19:19:31.971,100.000000
21 Jun 2027 19:20:36.330,100.000000
21 Jun 2027 19:21:40.689,100.000000
21 Jun 2027 19:22:45.048,100.000000
21 Jun 2027 19:23:49.407,100.000000
21 Jun 2027 19:24:53.765,100.000000
21 Jun 2027 19:25:58.124,100.000000
21 Jun 2027 19:27:02.483,100.000000
21 Jun 2027 19:28:06.842,100.000000
21 Jun 2027 19:29:11.201,100.000000
21 Jun 2027 19:30:15.560,100.000000
21 Jun 2027 19:31:19.919,100.000000
21 Jun 2027 19:32:24.278,100.000000
21 Jun 2027 19:33:28.637,100.000000
21 Jun 2027 19:34:32.995,100.000000
21 Jun 2027 19:35:37.354,100.000000
21 Jun 2027 19:36:41.713,100.000000
21 Jun 2027 19:37:46.072,100.000000
21 Jun 2027 19:38:50.431,100.000000
21 Jun 2027 19:39:54.790,100.000000
21 Jun 2027 19:40:59.149,100.000000
21 Jun 2027 19:42:03.508,100.000000
21 Jun 2027 19:43:07.867,100.000000
21 Jun 2027 19:44:12.226,100.000000
21 Jun 2027 19:45:16.584,100.000000
21 Jun 2027 19:46:20.943,100.000000
21 Jun 2027 19:47:25.302,100.000000
21 Jun 2027 19:48:29.661,100.000000
21 Jun 2027 19:49:34.020,100.000000
21 Jun 2027 19:50:38.379,100.000000
21 Jun 2027 19:51:42.738,100.000000
21 Jun 2027 19:52:47.097,100.000000
21 Jun 2027 19:53:51.456,100.000000
21 Jun 2027 19:54:55.815,100.000000
21 Jun 2027 19:56:00.174,100.000000
21 Jun 2027 19:57:04.532,100.000000
21 Jun 2027 19:58:08.891,100.000000
21 Jun 2027 19:59:13.250,100.000000
21 Jun 2027 20:00:17.609,100.000000
21 Jun 2027 20:01:21.968,100.000000
21 Jun 2027 20:02:26.327,100.000000
21 Jun 2027 20:03:30.686,100.000000
21 Jun 2027 20:04:35.045,100.000000
21 Jun 2027 20:05:39.404,100.000000
21 Jun 2027 20:06:43.762,100.000000
21 Jun 2027 20:07:48.121,0.000000
21 Jun 2027 20:08:52.480,0.000000
21 Jun 2027 20:09:56.839,0.000000
21 Jun 2027 20:11:01.198,0.000000
21 Jun 2027 20:12:05.557,0.000000
21 Jun 2027 20:13:09.916,0.000000
21 Jun 2027 20:14:14.275,0.000000
21 Jun 2027 20:15:18.634,0.000000
21 Jun 2027 20:16:22.993,0.000000
21 Jun 2027 20:17:27.352,0.000000
21 Jun 2027 20:18:31.710,0.000000
21 Jun 2027 20:19:36.069,0.000000
21 Jun 2027 20:20:40.428,0.000000
21 Jun 2027 20:21:44.787,0.000000
21 Jun 2027 20:22:49.146,0.000000
21 Jun 2027 20:23:53.505,0.000000
21 Jun 2027 20:24:57.864,0.000000
21 Jun 2027 20:26:02.223,0.000000
21 Jun 2027 20:27:06.582,0.000000
21 Jun 2027 20:28:10.940,0.000000
21 Jun 2027 20:29:15.299,0.000000
21 Jun 2027 20:30:19.658,0.000000
21 Jun 2027 20:31:24.017,99.342764
21 Jun 2027 20:32:28.376,100.000000
21 Jun 2027 20:33:32.735,100.000000
21 Jun 2027 20:34:37.094,100.000000
21 Jun 2027 20:35:41.453,100.000000
21 Jun 2027 20:36:45.812,100.000000
21 Jun 2027 20:37:50.171,100.000000
21 Jun 2027 20:38:54.530,100.000000
21 Jun 2027 20:39:58.888,100.000000
21 Jun 2027 20:41:03.247,100.000000
21 Jun 2027 20:42:07.606,100.000000
21 Jun 2027 20:43:11.965,100.000000
21 Jun 2027 20:44:16.324,100.000000
21 Jun 2027 20:45:20.683,100.000000
21 Jun 2027 20:46:25.042,100.000000
21 Jun 2027 20:47:29.401,100.000000
21 Jun 2027 20:48:33.760,100.000000
21 Jun 2027 20:49:38.119,100.000000
21 Jun 2027 20:50:42.477,100.000000
21 Jun 2027 20:51:46.836,100.000000
21 Jun 2027 20:52:51.195,100.000000
21 Jun 2027 20:53:55.554,100.000000
21 Jun 2027 20:54:59.913,100.000000
21 Jun 2027 20:56:04.272,100.000000
21 Jun 2027 20:57:08.631,100.000000
21 Jun 2027 20:58:12.990,100.000000
21 Jun 2027 20:59:17.349,100.000000
21 Jun 2027 21:00:21.707,100.000000
21 Jun 2027 21:01:26.066,100.000000
21 Jun 2027 21:02:30.425,100.000000
21 Jun 2027 21:03:34.784,100.000000
21 Jun 2027 21:04:39.143,100.000000
21 Jun 2027 21:05:43.502,100.000000
21 Jun 2027 21:06:47.861,100.000000
21 Jun 2027 21:07:52.220,100.000000
21 Jun 2027 21:08:56.579,100.000000
21 Jun 2027 21:10:00.938,100.000000
21 Jun 2027 21:11:05.297,100.000000
21 Jun 2027 21:12:09.655,100.000000
21 Jun 2027 21:13:14.014,100.000000
21 Jun 2027 21:14:18.373,100.000000
21 Jun 2027 21:15:22.732,100.000000
21 Jun 2027 21:16:27.091,100.000000
21 Jun 2027 21:17:31.450,100.000000
21 Jun 2027 21:18:35.809,100.000000
21 Jun 2027 21:19:40.168,100.000000
21 Jun 2027 21:20:44.527,100.000000
21 Jun 2027 21:21:48.885,100.000000
21 Jun 2027 21:22:53.244,100.000000
21 Jun 2027 21:23:57.603,100.000000
21 Jun 2027 21:25:01.962,100.000000
21 Jun 2027 21:26:06.321,100.000000
21 Jun 2027 21:27:10.680,100.000000
21 Jun 2027 21:28:15.039,100.000000
21 Jun 2027 21:29:19.398,100.000000
21 Jun 2027 21:30:23.757,100.000000
21 Jun 2027 21:31:28.116,100.000000
21 Jun 2027 21:32:32.475,100.000000
21 Jun 2027 21:33:36.833,100.000000
21 Jun 2027 21:34:41.192,100.000000
21 Jun 2027 21:35:45.551,100.000000
21 Jun 2027 21:36:49.910,100.000000
21 Jun 2027 21:37:54.269,100.000000
21 Jun 2027 21:38:58.628,100.000000
21 Jun 2027 21:40:02.987,100.000000
21 Jun 2027 21:41:07.346,0.000000
21 Jun 2027 21:42:11.705,0.000000
21 Jun 2027 21:43:16.064,0.000000
21 Jun 2027 21:44:20.422,0.000000
21 Jun 2027 21:45:24.781,0.000000
21 Jun 2027 21:46:29.140,0.000000
21 Jun 2027 21:47:33.499,0.000000
21 Jun 2027 21:48:37.858,0.000000
21 Jun 2027 21:49:42.217,0.000000
21 Jun 2027 21:50:46.576,0.000000
21 Jun 2027 21:51:50.935,0.000000
21 Jun 2027 21:52:55.294,0.000000
21 Jun 2027 21:53:59.652,0.000000
21 Jun 2027 21:55:04.011,0.000000
21 Jun 2027 21:56:08.370,0.000000
21 Jun 2027 21:57:12.729,0.000000
21 Jun 2027 21:58:17.088,0.000000
21 Jun 2027 21:59:21.447,0.000000
21 Jun 2027 22:00:25.806,0.000000
21 Jun 2027 22:01:30.165,0.000000
21 Jun 2027 22:02:34.524,0.000000
21 Jun 2027 22:03:38.883,0.000000
21 Jun 2027 22:04:43.242,80.120383
21 Jun 2027 22:05:47.600,100.000000
21 Jun 2027 22:06:51.959,100.000000
21 Jun 2027 22:07:56.318,100.000000
21 Jun 2027 22:09:00.677,100.000000
21 Jun 2027 22:10:05.036,100.000000
21 Jun 2027 22:11:09.395,100.000000
21 Jun 2027 22:12:13.754,100.000000
21 Jun 2027 22:13:18.113,100.000000
21 Jun 2027 22:14:22.472,100.000000
21 Jun 2027 22:15:26.830,100.000000
21 Jun 2027 22:16:31.189,100.000000
21 Jun 2027 22:17:35.548,100.000000
21 Jun 2027 22:18:39.907,100.000000
21 Jun 2027 22:19:44.266,100.000000
21 Jun 2027 22:20:48.625,100.000000
21 Jun 2027 22:21:52.984,100.000000
21 Jun 2027 22:22:57.343,100.000000
21 Jun 2027 22:24:01.702,100.000000
21 Jun 2027 22:25:06.061,100.000000
21 Jun 2027 22:26:10.420,100.000000
21 Jun 2027 22:27:14.778,100.000000
21 Jun 2027 22:28:19.137,100.000000
21 Jun 2027 22:29:23.496,100.000000
21 Jun 2027 22:30:27.855,100.000000
21 Jun 2027 22:31:32.214,100.000000
21 Jun 2027 22:32:36.573,100.000000
21 Jun 2027 22:33:40.932,100.000000
21 Jun 2027 22:34:45.291,100.000000
21 Jun 2027 22:35:49.650,100.000000
21 Jun 2027 22:36:54.009,100.000000
21 Jun 2027 22:37:58.367,100.000000
21 Jun 2027 22:39:02.726,100.000000
21 Jun 2027 22:40:07.085,100.000000
21 Jun 2027 22:41:11.444,100.000000
21 Jun 2027 22:42:15.803,100.000000
21 Jun 2027 22:43:20.162,100.000000
21 Jun 2027 22:44:24.521,100.000000
21 Jun 2027 22:45:28.880,100.000000
21 Jun 2027 22:46:33.239,100.000000
21 Jun 2027 22:47:37.598,100.000000
21 Jun 2027 22:48:41.956,100.000000
21 Jun 2027 22:49:46.315,100.000000
21 Jun 2027 22:50:50.674,100.000000
21 Jun 2027 22:51:55.033,100.000000
21 Jun 2027 22:52:59.392,100.000000
21 Jun 2027 22:54:03.751,100.000000
21 Jun 2027 22:55:08.110,100.000000
21 Jun 2027 22:56:12.469,100.000000
21 Jun 2027 22:57:16.828,100.000000
21 Jun 2027 22:58:21.187,100.000000
21 Jun 2027 22:59:25.545,100.000000
21 Jun 2027 23:00:29.904,100.000000
21 Jun 2027 23:01:34.263,100.000000
21 Jun 2027 23:02:38.622,100.000000
21 Jun 2027 23:03:42.981,100.000000
21 Jun 2027 23:04:47.340,100.000000
21 Jun 2027 23:05:51.699,100.000000
21 Jun 2027 23:06:56.058,100.000000
21 Jun 2027 23:08:00.417,100.000000
21 Jun 2027 23:09:04.775,100.000000
21 Jun 2027 23:10:09.134,100.000000
21 Jun 2027 23:11:13.493,100.000000
21 Jun 2027 23:12:17.852,100.000000
21 Jun 2027 23:13:22.211,100.000000
21 Jun 2027 23:14:26.570,0.000000
21 Jun 2027 23:15:30.929,0.000000
21 Jun 2027 23:16:35.288,0.000000
21 Jun 2027 23:17:39.647,0.000000
21 Jun 2027 23:18:44.006,0.000000
21 Jun 2027 23:19:48.365,0.000000
21 Jun 2027 23:20:52.723,0.000000
21 Jun 2027 23:21:57.082,0.000000
21 Jun 2027 23:23:01.441,0.000000
21 Jun 2027 23:24:05.800,0.000000
21 Jun 2027 23:25:10.159,0.000000
21 Jun 2027 23:26:14.518,0.000000
21 Jun 2027 23:27:18.877,0.000000
21 Jun 2027 23:28:23.236,0.000000
21 Jun 2027 23:29:27.595,0.000000
21 Jun 2027 23:30:31.954,0.000000
21 Jun 2027 23:31:36.312,0.000000
21 Jun 2027 23:32:40.671,0.000000
21 Jun 2027 23:33:45.030,0.000000
21 Jun 2027 23:34:49.389,0.000000
21 Jun 2027 23:35:53.748,0.000000
21 Jun 2027 23:36:58.107,0.000000
21 Jun 2027 23:38:02.466,52.516089
21 Jun 2027 23:39:06.825,100.000000
21 Jun 2027 23:40:11.184,100.000000
21 Jun 2027 23:41:15.543,100.000000
21 Jun 2027 23:42:19.901,100.000000
21 Jun 2027 23:43:24.260,100.000000
21 Jun 2027 23:44:28.619,100.000000
21 Jun 2027 23:45:32.978,100.000000
21 Jun 2027 23:46:37.337,100.000000
21 Jun 2027 23:47:41.696,100.000000
21 Jun 2027 23:48:46.055,100.000000
21 Jun 2027 23:49:50.414,100.000000
21 Jun 2027 23:50:54.773,100.000000
21 Jun 2027 23:51:59.132,100.000000
21 Jun 2027 23:53:03.490,100.000000
21 Jun 2027 23:54:07.849,100.000000
21 Jun 2027 23:55:12.208,100.000000
21 Jun 2027 23:56:16.567,100.000000
21 Jun 2027 23:57:20.926,100.000000
21 Jun 2027 23:58:25.285,100.000000
21 Jun 2027 23:59:29.644,100.000000
22 Jun 2027 00:00:00.000,100.000000

