"Time (UTCG)","x (km)","y (km)","z (km)"
21 Jun 2027 00:00:00.000,2520302.585235,139457343.328546,60457439.544653
21 Jun 2027 00:01:04.359,2518884.687486,139457387.345107,60457607.949831
21 Jun 2027 00:02:08.718,2517476.568412,139457426.868321,60457742.559169
21 Jun 2027 00:03:13.077,2516075.746316,139457461.879782,60457842.753623
21 Jun 2027 00:04:17.436,2514679.701586,139457492.384382,60457908.093210
21 Jun 2027 00:05:21.795,2513285.889594,139457518.410298,60457938.319290
21 Jun 2027 00:06:26.153,2511891.754227,139457540.008830,60457933.355920
21 Jun 2027 00:07:30.512,2510494.741006,139457557.254146,60457893.310245
21 Jun 2027 00:08:34.871,2509092.310426,139457570.242889,60457818.471941
21 Jun 2027 00:09:39.230,2507681.951170,139457579.093678,60457709.311707
21 Jun 2027 00:10:43.589,2506261.193216,139457583.946488,60457566.478817
21 Jun 2027 00:11:47.948,2504827.620544,139457584.961929,60457390.797741
21 Jun 2027 00:12:52.307,2503378.883933,139457582.320404,60457183.263849
21 Jun 2027 00:13:56.666,2501912.713026,139457576.221179,60456945.038239
21 Jun 2027 00:15:01.025,2500426.928204,139457566.881343,60456677.441690
21 Jun 2027 00:16:05.383,2498919.451908,139457554.534683,60456381.947784
21 Jun 2027 00:17:09.742,2497388.319514,139457539.430469,60456060.175247
21 Jun 2027 00:18:14.101,2495831.689368,139457521.832162,60455713.879516
21 Jun 2027 00:19:18.460,2494247.852636,139457502.016044,60455344.943605
21 Jun 2027 00:20:22.819,2492635.242020,139457480.269781,60454955.368308
21 Jun 2027 00:21:27.178,2490992.439964,139457456.890938,60454547.261785
21 Jun 2027 00:22:31.537,2489318.186037,139457432.185425,60454122.828587
21 Jun 2027 00:23:35.896,2487611.383466,139457406.465914,60453684.358189
21 Jun 2027 00:24:40.255,2485871.104914,139457380.050215,60453234.213070
21 Jun 2027 00:25:44.614,2484096.597135,139457353.259629,60452774.816417
21 Jun 2027 00:26:48.973,2482287.285132,139457326.417273,60452308.639520
21 Jun 2027 00:27:53.331,2480442.774978,139457299.846413,60451838.188904
21 Jun 2027 00:28:57.690,2478562.855937,139457273.868777,60451365.993288
21 Jun 2027 00:30:02.049,2476647.501532,139457248.802892,60450894.590424
21 Jun 2027 00:31:06.408,2474696.869736,139457224.962426,60450426.513888
21 Jun 2027 00:32:10.767,2472711.301984,139457202.654566,60449964.279896
21 Jun 2027 00:33:15.126,2470691.321645,139457182.178418,60449510.374211
21 Jun 2027 00:34:19.485,2468637.631125,139457163.823458,60449067.239199
21 Jun 2027 00:35:23.844,2466551.108274,139457147.868031,60448637.261128
21 Jun 2027 00:36:28.203,2464432.801786,139457134.577904,60448222.757740
21 Jun 2027 00:37:32.562,2462283.925807,139457124.204889,60447825.966193
21 Jun 2027 00:38:36.920,2460105.853456,139457116.985539,60447449.031420
21 Jun 2027 00:39:41.279,2457900.109900,139457113.139914,60447093.994962
21 Jun 2027 00:40:45.638,2455668.364262,139457112.870447,60446762.784345
21 Jun 2027 00:41:49.997,2453412.421009,139457116.360888,60446457.203048
21 Jun 2027 00:42:54.356,2451134.210513,139457123.775356,60446178.921118
21 Jun 2027 00:43:58.715,2448835.779025,139457135.257487,60445929.466477
21 Jun 2027 00:45:03.074,2446519.278076,139457150.929683,60445710.216971
21 Jun 2027 00:46:07.433,2444186.953100,139457170.892490,60445522.393202
21 Jun 2027 00:47:11.792,2441841.132023,139457195.224063,60445367.052170
21 Jun 2027 00:48:16.150,2439484.212945,139457223.979773,60445245.081775
21 Jun 2027 00:49:20.509,2437118.651724,139457257.191911,60445157.196197
21 Jun 2027 00:50:24.868,2434746.949190,139457294.869530,60445103.932178
21 Jun 2027 00:51:29.227,2432371.638177,139457336.998391,60445085.646228
21 Jun 2027 00:52:33.586,2429995.270179,139457383.541043,60445102.512771
21 Jun 2027 00:53:37.945,2427620.402313,139457434.437018,60445154.523236
21 Jun 2027 00:54:42.304,2425249.583835,139457489.603140,60445241.486104
21 Jun 2027 00:55:46.663,2422885.342935,139457548.933967,60445363.027899
21 Jun 2027 00:56:51.022,2420530.173573,139457612.302329,60445518.595139
21 Jun 2027 00:57:55.381,2418186.522537,139457679.559997,60445707.457213
21 Jun 2027 00:58:59.740,2415856.776548,139457750.538448,60445928.710181
21 Jun 2027 01:00:04.098,2413543.250094,139457825.049743,60446181.281483
21 Jun 2027 01:01:08.457,2411248.173204,139457902.887502,60446463.935517
21 Jun 2027 01:02:12.816,2408973.679896,139457983.827976,60446775.280075
21 Jun 2027 01:03:17.175,2406721.797062,139458067.631207,60447113.773580
21 Jun 2027 01:04:21.534,2404494.433968,139458154.042278,60447477.733116
21 Jun 2027 01:05:25.893,2402293.372169,139458242.792634,60447865.343185
21 Jun 2027 01:06:30.252,2400120.256451,139458333.601475,60448274.665154
21 Jun 2027 01:07:34.611,2397976.586120,139458426.177218,60448703.647343
21 Jun 2027 01:08:38.970,2395863.707253,139458520.219006,60449150.135708
21 Jun 2027 01:09:43.328,2393782.805679,139458615.418272,60449611.885045
21 Jun 2027 01:10:47.687,2391734.900813,139458711.460341,60450086.570680
21 Jun 2027 01:11:52.046,2389720.840395,139458808.026061,60450571.800562
21 Jun 2027 01:12:56.405,2387741.295905,139458904.793465,60451065.127720
21 Jun 2027 01:14:00.764,2385796.759320,139459001.439435,60451564.062988
21 Jun 2027 01:15:05.123,2383887.540392,139459097.641385,60452066.087968
21 Jun 2027 01:16:09.482,2382013.765073,139459193.078930,60452568.668131
21 Jun 2027 01:17:13.841,2380175.374852,139459287.435554,60453069.266011
21 Jun 2027 01:18:18.200,2378372.127120,139459380.400245,60453565.354409
21 Jun 2027 01:19:22.559,2376603.596260,139459471.669121,60454054.429546
21 Jun 2027 01:20:26.918,2374869.176098,139459560.946993,60454534.024093
21 Jun 2027 01:21:31.276,2373168.082894,139459647.948906,60455001.720013
21 Jun 2027 01:22:35.635,2371499.359478,139459732.401614,60455455.161142
21 Jun 2027 01:23:39.994,2369861.880223,139459814.045000,60455892.065458
21 Jun 2027 01:24:44.353,2368254.356935,139459892.633420,60456310.236950
21 Jun 2027 01:25:48.712,2366675.345406,139459967.936987,60456707.577051
21 Jun 2027 01:26:53.071,2365123.253167,139460039.742751,60457082.095558
21 Jun 2027 01:27:57.430,2363596.347610,139460107.855816,60457431.920991
21 Jun 2027 01:29:01.789,2362092.765051,139460172.100342,60457755.310333
21 Jun 2027 01:30:06.148,2360610.520438,139460232.320461,60458050.658097
21 Jun 2027 01:31:10.506,2359147.517661,139460288.381082,60458316.504689
21 Jun 2027 01:32:14.865,2357701.560502,139460340.168597,60458551.543998
21 Jun 2027 01:33:19.224,2356270.363935,139460387.591464,60458754.630195
21 Jun 2027 01:34:23.583,2354851.566211,139460430.580684,60458924.783698
21 Jun 2027 01:35:27.942,2353442.741024,139460469.090159,60459061.196270
21 Jun 2027 01:36:32.301,2352041.410171,139460503.096927,60459163.235220
21 Jun 2027 01:37:36.660,2350645.056435,139460532.601285,60459230.446705
21 Jun 2027 01:38:41.019,2349251.136739,139460557.626782,60459262.558084
21 Jun 2027 01:39:45.378,2347857.095211,139460578.220101,60459259.479340
21 Jun 2027 01:40:49.737,2346460.376734,139460594.450810,60459221.303550
21 Jun 2027 01:41:54.095,2345058.440073,139460606.411005,60459148.306398
21 Jun 2027 01:42:58.454,2343648.771158,139460614.214829,60459040.944739
21 Jun 2027 01:44:02.813,2342228.896137,139460617.997879,60458899.854228
21 Jun 2027 01:45:07.172,2340796.394318,139460617.916500,60458725.846003
21 Jun 2027 01:46:11.531,2339348.910600,139460614.146980,60458519.902472
21 Jun 2027 01:47:15.890,2337884.167960,139460606.884622,60458283.172192
21 Jun 2027 01:48:20.249,2336399.979151,139460596.342740,60458016.963900
21 Jun 2027 01:49:24.608,2334894.258121,139460582.751549,60457722.739693
21 Jun 2027 01:50:28.967,2333365.030874,139460566.356966,60457402.107428
21 Jun 2027 01:51:33.326,2331810.445738,139460547.419337,60457056.812346
21 Jun 2027 01:52:37.685,2330228.783036,139460526.212083,60456688.727994
21 Jun 2027 01:53:42.043,2328618.463894,139460503.020283,60456299.846473
21 Jun 2027 01:54:46.402,2326978.058686,139460478.139191,60455892.268072
21 Jun 2027 01:55:50.761,2325306.294308,139460451.872706,60455468.190333
21 Jun 2027 01:56:55.120,2323602.060847,139460424.531793,60455029.896619
21 Jun 2027 01:57:59.479,2321864.417366,139460396.432868,60454579.744229
21 Jun 2027 01:59:03.838,2320092.596832,139460367.896158,60454120.152129
21 Jun 2027 02:00:08.197,2318286.009956,139460339.244039,60453653.588363
21 Jun 2027 02:01:12.556,2316444.248488,139460310.799359,60453182.557211
21 Jun 2027 02:02:16.915,2314567.087190,139460282.883768,60452709.586151
21 Jun 2027 02:03:21.273,2312654.485047,139460255.816042,60452237.212711
21 Jun 2027 02:04:25.632,2310706.585480,139460229.910437,60451767.971256
21 Jun 2027 02:05:29.991,2308723.715635,139460205.475050,60451304.379806
21 Jun 2027 02:06:34.350,2306706.384537,139460182.810227,60450848.926926
21 Jun 2027 02:07:38.709,2304655.280657,139460162.207000,60450404.058776
21 Jun 2027 02:08:43.068,2302571.268187,139460143.945577,60449972.166379
21 Jun 2027 02:09:47.427,2300455.382584,139460128.293893,60449555.573183
21 Jun 2027 02:10:51.786,2298308.825153,139460115.506214,60449156.522960
21 Jun 2027 02:11:56.145,2296132.956833,139460105.821820,60448777.168137
21 Jun 2027 02:13:00.504,2293929.291147,139460099.463767,60448419.558588
21 Jun 2027 02:14:04.863,2291699.486149,139460096.637724,60448085.630971
21 Jun 2027 02:15:09.221,2289445.336037,139460097.530911,60447777.198644
21 Jun 2027 02:16:13.580,2287168.761664,139460102.311127,60447495.942231
21 Jun 2027 02:17:17.939,2284871.800589,139460111.125877,60447243.400874
21 Jun 2027 02:18:22.298,2282556.596454,139460124.101610,60447020.964223
21 Jun 2027 02:19:26.657,2280225.387894,139460141.343064,60446829.865204
21 Jun 2027 02:20:31.016,2277880.496697,139460162.932722,60446671.173602
21 Jun 2027 02:21:35.375,2275524.315983,139460188.930383,60446545.790496
21 Jun 2027 02:22:39.734,2273159.297586,139460219.372856,60446454.443566
21 Jun 2027 02:23:44.093,2270787.939317,139460254.273768,60446397.683305
21 Jun 2027 02:24:48.451,2268412.772000,139460293.623493,60446375.880159
21 Jun 2027 02:25:52.810,2266036.346305,139460337.389203,60446389.222597
21 Jun 2027 02:26:57.169,2263661.219346,139460385.515045,60446437.716127
21 Jun 2027 02:28:01.528,2261289.941578,139460437.922422,60446521.183271
21 Jun 2027 02:29:05.887,2258925.043397,139460494.510408,60446639.264488
21 Jun 2027 02:30:10.246,2256569.021993,139460555.156271,60446791.420044
21 Jun 2027 02:31:14.605,2254224.328369,139460619.716111,60446976.932822
21 Jun 2027 02:32:18.964,2251893.354561,139460688.025608,60447194.912054
21 Jun 2027 02:33:23.323,2249578.421251,139460759.900873,60447444.297955
21 Jun 2027 02:34:27.682,2247281.765533,139460835.139409,60447723.867242
21 Jun 2027 02:35:32.041,2245005.529490,139460913.521153,60448032.239497
21 Jun 2027 02:36:36.399,2242751.748902,139460994.809630,60448367.884354
21 Jun 2027 02:37:40.758,2240522.342688,139461078.753170,60448729.129462
21 Jun 2027 02:38:45.117,2238319.102916,139461165.086223,60449114.169187
21 Jun 2027 02:39:49.476,2236143.685521,139461253.530733,60449521.074013
21 Jun 2027 02:40:53.835,2233997.601536,139461343.797585,60449947.800579
21 Jun 2027 02:41:58.194,2231882.209439,139461435.588101,60450392.202319
21 Jun 2027 02:43:02.553,2229798.707956,139461528.595596,60450852.040628
21 Jun 2027 02:44:06.912,2227748.129851,139461622.506964,60451324.996516
21 Jun 2027 02:45:11.271,2225731.336547,139461717.004308,60451808.682675
21 Jun 2027 02:46:15.630,2223749.013673,139461811.766589,60452300.655905
21 Jun 2027 02:47:19.988,2221801.667370,139461906.471292,60452798.429828
21 Jun 2027 02:48:24.347,2219889.621857,139462000.796097,60453299.487828
21 Jun 2027 02:49:28.706,2218013.017621,139462094.420556,60453801.296147
21 Jun 2027 02:50:33.065,2216171.810685,139462187.027753,60454301.317077
21 Jun 2027 02:51:37.424,2214365.772871,139462278.305952,60454797.022159
21 Jun 2027 02:52:41.783,2212594.492974,139462367.950210,60455285.905349
21 Jun 2027 02:53:46.142,2210857.378944,139462455.663963,60455765.496055
21 Jun 2027 02:54:50.501,2209153.660791,139462541.160564,60456233.372001
21 Jun 2027 02:55:54.860,2207482.394873,139462624.164770,60456687.171825
21 Jun 2027 02:56:59.218,2205842.468602,139462704.414169,60457124.607376
21 Jun 2027 02:58:03.577,2204232.606302,139462781.660543,60457543.475618
21 Jun 2027 02:59:07.936,2202651.375819,139462855.671156,60457941.670097
21 Jun 2027 03:00:12.295,2201097.196052,139462926.229959,60458317.191904
21 Jun 2027 03:01:16.654,2199568.344995,139462993.138714,60458668.160076
21 Jun 2027 03:02:21.013,2198062.968963,139463056.218018,60458992.821386
21 Jun 2027 03:03:25.372,2196579.092029,139463115.308238,60459289.559469
21 Jun 2027 03:04:29.731,2195114.626400,139463170.270336,60459556.903234
21 Jun 2027 03:05:34.090,2193667.383260,139463220.986588,60459793.534516
21 Jun 2027 03:06:38.449,2192235.084187,139463267.361200,60459998.294942
21 Jun 2027 03:07:42.808,2190815.372905,139463309.320800,60460170.191954
21 Jun 2027 03:08:47.166,2189405.827695,139463346.814818,60460308.403981
21 Jun 2027 03:09:51.525,2188003.973921,139463379.815750,60460412.284707
21 Jun 2027 03:10:55.884,2186607.296908,139463408.319297,60460481.366441
21 Jun 2027 03:12:00.243,2185213.255042,139463432.344390,60460515.362550
21 Jun 2027 03:13:04.602,2183819.293014,139463451.933086,60460514.168947
21 Jun 2027 03:14:08.961,2182422.855007,139463467.150357,60460477.864635
21 Jun 2027 03:15:13.320,2181021.398182,139463478.083743,60460406.711299
21 Jun 2027 03:16:17.679,2179612.405785,139463484.842902,60460301.151939
21 Jun 2027 03:17:22.038,2178193.400265,139463487.559038,60460161.808566
21 Jun 2027 03:18:26.396,2176761.956188,139463486.384223,60459989.478966
21 Jun 2027 03:19:30.755,2175315.712839,139463481.490601,60459785.132550
21 Jun 2027 03:20:35.114,2173852.386569,139463473.069500,60459549.905303
21 Jun 2027 03:21:39.473,2172369.782497,139463461.330436,60459285.093877
21 Jun 2027 03:22:43.832,2170865.806184,139463446.500021,60458992.148840
21 Jun 2027 03:23:48.191,2169338.474374,139463428.820794,60458672.667129
21 Jun 2027 03:24:52.550,2167785.925350,139463408.549957,60458328.383739
21 Jun 2027 03:25:56.909,2166206.428627,139463385.958038,60457961.162689
21 Jun 2027 03:27:01.268,2164598.393992,139463361.327492,60457572.987326
21 Jun 2027 03:28:05.627,2162960.379633,139463334.951230,60457165.950004
21 Jun 2027 03:29:09.986,2161291.099864,139463307.131100,60456742.241187
21 Jun 2027 03:30:14.344,2159589.431670,139463278.176322,60456304.138059
21 Jun 2027 03:31:18.703,2157854.420575,139463248.401879,60455853.992665
21 Jun 2027 03:32:23.062,2156085.285639,139463218.126887,60455394.219673
21 Jun 2027 03:33:27.421,2154281.423532,139463187.672932,60454927.283809
21 Jun 2027 03:34:31.780,2152442.411527,139463157.362411,60454455.687028
21 Jun 2027 03:35:36.139,2150568.009940,139463127.516847,60453981.955490
21 Jun 2027 03:36:40.498,2148658.163220,139463098.455231,60453508.626420
21 Jun 2027 03:37:44.857,2146713.000256,139463070.492357,60453038.234898
21 Jun 2027 03:38:49.216,2144732.833760,139463043.937198,60452573.300666
21 Jun 2027 03:39:53.574,2142718.158570,139463019.091294,60452116.315016
21 Jun 2027 03:40:57.933,2140669.649162,139462996.247193,60451669.727824
21 Jun 2027 03:42:02.292,2138588.155979,139462975.686932,60451235.934802
21 Jun 2027 03:43:06.651,2136474.701209,139462957.680573,60450817.265024
21 Jun 2027 03:44:11.010,2134330.473353,139462942.484799,60450415.968811
21 Jun 2027 03:45:15.369,2132156.821046,139462930.341588,60450034.206018
21 Jun 2027 03:46:19.728,2129955.246056,139462921.476953,60449674.034790
21 Jun 2027 03:47:24.087,2127727.395490,139462916.099773,60449337.400854
21 Jun 2027 03:48:28.446,2125475.053088,139462914.400707,60449026.127393
21 Jun 2027 03:49:32.805,2123200.130155,139462916.551206,60448741.905556
21 Jun 2027 03:50:37.163,2120904.655492,139462922.702624,60448486.285657
21 Jun 2027 03:51:41.522,2118590.764823,139462932.985432,60448260.669108
21 Jun 2027 03:52:45.881,2116260.689720,139462947.508546,60448066.301122
21 Jun 2027 03:53:50.240,2113916.746022,139462966.358754,60447904.264237
21 Jun 2027 03:54:54.599,2111561.321625,139462989.600277,60447775.472680
21 Jun 2027 03:55:58.958,2109196.864285,139463017.274427,60447680.667608
21 Jun 2027 03:57:03.317,2106825.868728,139463049.399400,60447620.413253
21 Jun 2027 03:58:07.676,2104450.863702,139463085.970177,60447595.093983
21 Jun 2027 03:59:12.035,2102074.398826,139463126.958556,60447604.912304
21 Jun 2027 04:00:16.394,2099699.031309,139463172.313296,60447649.887805
21 Jun 2027 04:01:20.753,2097327.312693,139463221.960383,60447729.857057
21 Jun 2027 04:02:25.111,2094961.775405,139463275.803419,60447844.474460
21 Jun 2027 04:03:29.470,2092604.919834,139463333.724118,60447993.214048
21 Jun 2027 04:04:33.829,2090259.201138,139463395.582923,60448175.372219
21 Jun 2027 04:05:38.188,2087927.016522,139463461.219733,60448390.071404
21 Jun 2027 04:06:42.547,2085610.692747,139463530.454731,60448636.264627
21 Jun 2027 04:07:46.906,2083312.474080,139463603.089319,60448912.740959
21 Jun 2027 04:08:51.265,2081034.510456,139463678.907151,60449218.131820
21 Jun 2027 04:09:55.624,2078778.846507,139463757.675255,60449550.918097
21 Jun 2027 04:10:59.983,2076547.410770,139463839.145241,60449909.438056
21 Jun 2027 04:12:04.341,2074342.005706,139463923.054596,60450291.895984
21 Jun 2027 04:13:08.700,2072164.298304,139464009.128039,60450696.371541
21 Jun 2027 04:14:13.059,2070015.811446,139464097.078956,60451120.829748
21 Jun 2027 04:15:17.418,2067897.915838,139464186.610888,60451563.131583
21 Jun 2027 04:16:21.777,2065811.823093,139464277.419066,60452021.045109
21 Jun 2027 04:17:26.136,2063758.579281,139464369.191995,60452492.257091
21 Jun 2027 04:18:30.495,2061739.059525,139464461.613072,60452974.385037
21 Jun 2027 04:19:34.854,2059753.963431,139464554.362227,60453464.989596
21 Jun 2027 04:20:39.213,2057803.811469,139464647.117587,60453961.587251
21 Jun 2027 04:21:43.572,2055888.942293,139464739.557142,60454461.663246
21 Jun 2027 04:22:47.931,2054009.510827,139464831.360422,60454962.684675
21 Jun 2027 04:23:52.289,2052165.487673,139464922.210155,60455462.113661
21 Jun 2027 04:24:56.648,2050356.659139,139465011.793917,60455957.420568
21 Jun 2027 04:26:01.007,2048582.628355,139465099.805752,60456446.097161
21 Jun 2027 04:27:05.366,2046842.817386,139465185.947758,60456925.669664
21 Jun 2027 04:28:09.725,2045136.470230,139465269.931634,60457393.711632
21 Jun 2027 04:29:14.084,2043462.656622,139465351.480178,60457847.856580
21 Jun 2027 04:30:18.443,2041820.277096,139465430.328724,60458285.810300
21 Jun 2027 04:31:22.802,2040208.068568,139465506.226511,60458705.362798
21 Jun 2027 04:32:27.161,2038624.610932,139465578.937991,60459104.399798
21 Jun 2027 04:33:31.519,2037068.334465,139465648.244046,60459480.913743
21 Jun 2027 04:34:35.878,2035537.528018,139465713.943125,60459833.014247
21 Jun 2027 04:35:40.237,2034030.347774,139465775.852292,60460158.937931
21 Jun 2027 04:36:44.596,2032544.827084,139465833.808173,60460457.057597
21 Jun 2027 04:37:48.955,2031078.886526,139465887.667803,60460725.890702
21 Jun 2027 04:38:53.314,2029630.344785,139465937.309368,60460964.107071
21 Jun 2027 04:39:57.673,2028196.930004,139465982.632837,60461170.535818
21 Jun 2027 04:41:02.032,2026776.291595,139466023.560477,60461344.171445
21 Jun 2027 04:42:06.391,2025366.012506,139466060.037261,60461484.179068
21 Jun 2027 04:43:10.750,2023963.621670,139466092.031149,60461589.898767
21 Jun 2027 04:44:15.109,2022566.607072,139466119.533256,60461660.849021
21 Jun 2027 04:45:19.467,2021172.428689,139466142.557894,60461696.729207
21 Jun 2027 04:46:23.826,2019778.531716,139466161.142500,60461697.421175
21 Jun 2027 04:47:28.185,2018382.359893,139466175.347440,60461662.989853
21 Jun 2027 04:48:32.544,2016981.368830,139466185.255694,60461593.682917
21 Jun 2027 04:49:36.903,2015573.039105,139466190.972426,60461489.929496
21 Jun 2027 04:50:41.262,2014154.889582,139466192.624438,60461352.337943
21 Jun 2027 04:51:45.621,2012724.490209,139466190.359509,60461181.692665
21 Jun 2027 04:52:49.980,2011279.474665,139466184.345628,60460978.950045
21 Jun 2027 04:53:54.339,2009817.552696,139466174.770124,60460745.233462
21 Jun 2027 04:54:58.698,2008336.522067,139466161.838687,60460481.827443
21 Jun 2027 04:56:03.056,2006834.279861,139466145.774311,60460190.170983
21 Jun 2027 04:57:07.415,2005308.833666,139466126.816123,60459871.850050
21 Jun 2027 04:58:11.774,2003758.311791,139466105.218151,60459528.589337
21 Jun 2027 04:59:16.133,2002180.973031,139466081.248000,60459162.243280
21 Jun 2027 05:00:20.492,2000575.215733,139466055.185467,60458774.786411
21 Jun 2027 05:01:24.851,1998939.586142,139466027.321083,60458368.303084
21 Jun 2027 05:02:29.210,1997272.785996,139465997.954610,60457944.976618
21 Jun 2027 05:03:33.569,1995573.679122,139465967.393484,60457507.077946
21 Jun 2027 05:04:37.928,1993841.297604,139465935.951215,60457056.953788
21 Jun 2027 05:05:42.286,1992074.846636,139465903.945767,60456597.014442
21 Jun 2027 05:06:46.645,1990273.708716,139465871.697900,60456129.721236
21 Jun 2027 05:07:51.004,1988437.446857,139465839.529511,60455657.573724
21 Jun 2027 05:08:55.363,1986565.806884,139465807.761961,60455183.096674
21 Jun 2027 05:09:59.722,1984658.718637,139465776.714407,60454708.826926
21 Jun 2027 05:11:04.081,1982716.296533,139465746.702147,60454237.300196
21 Jun 2027 05:12:08.440,1980738.838835,139465718.034981,60453771.037874
21 Jun 2027 05:13:12.799,1978726.826127,139465691.015610,60453312.533901
21 Jun 2027 05:14:17.158,1976680.918822,139465665.938055,60452864.241796
21 Jun 2027 05:15:21.517,1974601.953757,139465643.086142,60452428.561879
21 Jun 2027 05:16:25.876,1972490.939712,139465622.732021,60452007.828786
21 Jun 2027 05:17:30.234,1970349.052340,139465605.134759,60451604.299315
21 Jun 2027 05:18:34.593,1968177.627928,139465590.538996,60451220.140681
21 Jun 2027 05:19:38.952,1965978.156482,139465579.173670,60450857.419237
21 Jun 2027 05:20:43.311,1963752.273966,139465571.250837,60450518.089721
21 Jun 2027 05:21:47.670,1961501.753787,139465566.964567,60450203.985085
21 Jun 2027 05:22:52.029,1959228.497606,139465566.489937,60449916.806950
21 Jun 2027 05:23:56.388,1956934.525291,139465569.982125,60449658.116755
21 Jun 2027 05:25:00.747,1954621.964633,139465577.575604,60449429.327628
21 Jun 2027 05:26:05.106,1952293.040119,139465589.383446,60449231.697034
21 Jun 2027 05:27:09.464,1949950.061388,139465605.496733,60449066.320229
21 Jun 2027 05:28:13.823,1947595.411231,139465625.984090,60448934.124561
21 Jun 2027 05:29:18.182,1945231.533210,139465650.891322,60448835.864641
21 Jun 2027 05:30:22.541,1942860.918788,139465680.241187,60448772.118421
21 Jun 2027 05:31:26.900,1940486.094609,139465714.033269,60448743.284180
21 Jun 2027 05:32:31.259,1938109.609180,139465752.243989,60448749.578458
21 Jun 2027 05:33:35.618,1935734.019653,139465794.826720,60448791.034921
21 Jun 2027 05:34:39.977,1933361.878528,139465841.712037,60448867.504192
21 Jun 2027 05:35:44.336,1930995.720378,139465892.808075,60448978.654629
21 Jun 2027 05:36:48.695,1928638.048538,139465948.001005,60449123.974044
21 Jun 2027 05:37:53.054,1926291.322290,139466007.155628,60449302.772376
21 Jun 2027 05:38:57.412,1923957.943917,139466070.116076,60449514.185279
21 Jun 2027 05:40:01.771,1921640.246228,139466136.706622,60449757.178620
21 Jun 2027 05:41:06.130,1919340.480443,139466206.732593,60450030.553862
21 Jun 2027 05:42:10.489,1917060.804450,139466279.981379,60450332.954301
21 Jun 2027 05:43:14.848,1914803.271632,139466356.223539,60450662.872129
21 Jun 2027 05:44:19.207,1912569.820012,139466435.213994,60451018.656277
21 Jun 2027 05:45:23.566,1910362.262411,139466516.693294,60451398.521010
21 Jun 2027 05:46:27.925,1908182.276861,139466600.388968,60451800.555222
21 Jun 2027 05:47:32.284,1906031.397901,139466686.016941,60452222.732379
21 Jun 2027 05:48:36.642,1903911.008588,139466773.283005,60452662.921068
21 Jun 2027 05:49:41.001,1901822.333350,139466861.884345,60453118.896090
21 Jun 2027 05:50:45.360,1899766.431461,139466951.511118,60453588.350036
21 Jun 2027 05:51:49.719,1897744.191744,139467041.848052,60454068.905304
21 Jun 2027 05:52:54.078,1895756.327805,139467132.576089,60454558.126464
21 Jun 2027 05:53:58.437,1893803.374353,139467223.374037,60455053.532938
21 Jun 2027 05:55:02.796,1891885.684416,139467313.920241,60455552.611910
21 Jun 2027 05:56:07.155,1890003.427549,139467403.894247,60456052.831400
21 Jun 2027 05:57:11.514,1888156.588778,139467492.978472,60456551.653445
21 Jun 2027 05:58:15.873,1886344.968932,139467580.859844,60457046.547305
21 Jun 2027 05:59:20.231,1884568.185528,139467667.231434,60457535.002633
21 Jun 2027 06:00:24.590,1882825.674776,139467751.794042,60458014.542544
21 Jun 2027 06:01:28.949,1881116.694523,139467834.257757,60458482.736502
21 Jun 2027 06:02:33.308,1879440.328154,139467914.343453,60458937.212970
21 Jun 2027 06:03:37.667,1877795.489223,139467991.784246,60459375.671751
21 Jun 2027 06:04:42.026,1876180.927313,139468066.326871,60459795.895964
21 Jun 2027 06:05:46.385,1874595.234414,139468137.732998,60460195.763574
21 Jun 2027 06:06:50.744,1873036.852259,139468205.780473,60460573.258441
21 Jun 2027 06:07:55.103,1871504.080462,139468270.264466,60460926.480814
21 Jun 2027 06:08:59.462,1869995.085352,139468330.998531,60461253.657210
21 Jun 2027 06:10:03.821,1868507.909557,139468387.815580,60461553.149655
21 Jun 2027 06:11:08.179,1867040.482040,139468440.568747,60461823.464197
21 Jun 2027 06:12:12.538,1865590.629099,139468489.132143,60462063.258692
21 Jun 2027 06:13:16.897,1864156.085535,139468533.401520,60462271.349779
21 Jun 2027 06:14:21.256,1862734.506475,139468573.294802,60462446.719046
21 Jun 2027 06:15:25.615,1861323.479567,139468608.752514,60462588.518327
21 Jun 2027 06:16:29.974,1859920.537582,139468639.738092,60462696.074117
21 Jun 2027 06:17:34.333,1858523.171112,139468666.238067,60462768.891074
21 Jun 2027 06:18:38.692,1857128.841832,139468688.262138,60462806.654604
21 Jun 2027 06:19:43.051,1855734.995566,139468705.843121,60462809.232490
21 Jun 2027 06:20:47.409,1854339.075631,139468719.036775,60462776.675587
21 Jun 2027 06:21:51.768,1852938.536130,139468727.921514,60462709.217553
21 Jun 2027 06:22:56.127,1851530.855240,139468732.598000,60462607.273633
21 Jun 2027 06:24:00.486,1850113.548188,139468733.188618,60462471.438502
21 Jun 2027 06:25:04.845,1848684.180405,139468729.836842,60462302.483165
21 Jun 2027 06:26:09.204,1847240.380049,139468722.706488,60462101.350949
21 Jun 2027 06:27:13.563,1845779.850384,139468711.980865,60461869.152588
21 Jun 2027 06:28:17.922,1844300.381721,139468697.861821,60461607.160450
21 Jun 2027 06:29:22.281,1842799.862950,139468680.568697,60461316.801909
21 Jun 2027 06:30:26.640,1841276.292526,139468660.337186,60460999.651916
21 Jun 2027 06:31:30.999,1839727.788762,139468637.418111,60460657.424810
21 Jun 2027 06:32:35.357,1838152.599826,139468612.076124,60460291.965385
21 Jun 2027 06:33:39.716,1836549.112726,139468584.588328,60459905.239300
21 Jun 2027 06:34:44.075,1834915.861731,139468555.242842,60459499.322840
21 Jun 2027 06:35:48.434,1833251.536010,139468524.337303,60459076.392118
21 Jun 2027 06:36:52.793,1831554.986476,139468492.177324,60458638.711741
21 Jun 2027 06:37:57.152,1829825.231621,139468459.074905,60458188.623035
21 Jun 2027 06:39:01.511,1828061.462856,139468425.346816,60457728.531851
21 Jun 2027 06:40:05.870,1826263.048567,139468391.312950,60457260.896046
21 Jun 2027 06:41:10.229,1824429.537426,139468357.294664,60456788.212696
21 Jun 2027 06:42:14.587,1822560.660766,139468323.613114,60456313.005095
21 Jun 2027 06:43:18.946,1820656.333993,139468290.587582,60455837.809625
21 Jun 2027 06:44:23.305,1818716.656888,139468258.533827,60455365.162559
21 Jun 2027 06:45:27.664,1816741.913305,139468227.762438,60454897.586854
21 Jun 2027 06:46:32.023,1814732.569544,139468198.577231,60454437.579028
21 Jun 2027 06:47:36.382,1812689.271988,139468171.273664,60453987.596162
21 Jun 2027 06:48:40.741,1810612.843703,139468146.137311,60453550.043117
21 Jun 2027 06:49:45.100,1808504.280164,139468123.442374,60453127.260014
21 Jun 2027 06:50:49.459,1806364.744129,139468103.450267,60452721.510059
21 Jun 2027 06:51:53.818,1804195.559419,139468086.408254,60452334.967762
21 Jun 2027 06:52:58.177,1801998.204259,139468072.548169,60451969.707620
21 Jun 2027 06:54:02.535,1799774.303460,139468062.085213,60451627.693323
21 Jun 2027 06:55:06.894,1797525.619952,139468055.216837,60451310.767532
21 Jun 2027 06:56:11.253,1795254.045642,139468052.121718,60451020.642290
21 Jun 2027 06:57:15.612,1792961.591606,139468052.958833,60450758.890112
21 Jun 2027 06:58:19.971,1790650.377469,139468057.866636,60450526.935802
21 Jun 2027 06:59:24.330,1788322.620585,139468066.962334,60450326.049034
21 Jun 2027 07:00:28.689,1785980.624375,139468080.341287,60450157.337750
21 Jun 2027 07:01:33.048,1783626.766353,139468098.076510,60450021.742390
21 Jun 2027 07:02:37.407,1781263.485766,139468120.218292,60449920.030998
21 Jun 2027 07:03:41.766,1778893.270936,139468146.793944,60449852.795225
21 Jun 2027 07:04:46.124,1776518.646149,139468177.807648,60449820.447252
21 Jun 2027 07:05:50.483,1774142.158761,139468213.240444,60449823.217641
21 Jun 2027 07:06:54.842,1771766.365786,139468253.050324,60449861.154139
21 Jun 2027 07:07:59.201,1769393.820621,139468297.172453,60449934.121427
21 Jun 2027 07:09:03.560,1767027.059752,139468345.519508,60450041.801824
21 Jun 2027 07:10:07.919,1764668.589573,139468397.982126,60450183.696943
21 Jun 2027 07:11:12.278,1762320.873362,139468454.429477,60450359.130281
21 Jun 2027 07:12:16.637,1759986.318332,139468514.709946,60450567.250744
21 Jun 2027 07:13:20.996,1757667.263299,139468578.651912,60450807.037073
21 Jun 2027 07:14:25.354,1755365.966386,139468646.064647,60451077.303159
21 Jun 2027 07:15:29.713,1753084.593299,139468716.739303,60451376.704219
21 Jun 2027 07:16:34.072,1750825.206062,139468790.449998,60451703.743791
21 Jun 2027 07:17:38.431,1748589.752303,139468866.954986,60452056.781526
21 Jun 2027 07:18:42.790,1746380.055007,139468945.997915,60452434.041720
21 Jun 2027 07:19:47.149,1744197.803216,139469027.309158,60452833.622561
21 Jun 2027 07:20:51.508,1742044.543111,139469110.607210,60453253.506022
21 Jun 2027 07:21:55.867,1739921.669988,139469195.600150,60453691.568366
21 Jun 2027 07:23:00.226,1737830.421015,139469281.987158,60454145.591196
21 Jun 2027 07:24:04.585,1735771.868803,139469369.460077,60454613.273006
21 Jun 2027 07:25:08.944,1733746.915726,139469457.705009,60455092.241152
21 Jun 2027 07:26:13.302,1731756.289379,139469546.403946,60455580.064203
21 Jun 2027 07:27:17.661,1729800.538698,139469635.236423,60456074.264598
21 Jun 2027 07:28:22.020,1727880.031118,139469723.881176,60456572.331534
21 Jun 2027 07:29:26.379,1725994.950651,139469812.017813,60457071.734037
21 Jun 2027 07:30:30.738,1724145.296968,139469899.328478,60457569.934135
21 Jun 2027 07:31:35.097,1722330.885384,139469985.499496,60458064.400063
21 Jun 2027 07:32:39.456,1720551.347711,139470070.223004,60458552.619440
21 Jun 2027 07:33:43.815,1718806.134375,139470153.198547,60459032.112348
21 Jun 2027 07:34:48.174,1717094.517143,139470234.134639,60459500.444233
21 Jun 2027 07:35:52.532,1715415.592929,139470312.750274,60459955.238579
21 Jun 2027 07:36:56.891,1713768.288533,139470388.776383,60460394.189275
21 Jun 2027 07:38:01.250,1712151.366212,139470461.957232,60460815.072615
21 Jun 2027 07:39:05.609,1710563.430003,139470532.051749,60461215.758876
21 Jun 2027 07:40:09.968,1709002.933210,139470598.834772,60461594.223394
21 Jun 2027 07:41:14.327,1707468.186299,139470662.098220,60461948.557110
21 Jun 2027 07:42:18.686,1705957.365725,139470721.652170,60462276.976497
21 Jun 2027 07:43:23.045,1704468.523436,139470777.325845,60462577.832848
21 Jun 2027 07:44:27.404,1702999.597019,139470828.968496,60462849.620855
21 Jun 2027 07:45:31.763,1701548.420316,139470876.450187,60463090.986441
21 Jun 2027 07:46:36.122,1700112.734903,139470919.662467,60463300.733809
21 Jun 2027 07:47:40.480,1698690.201696,139470958.518932,60463477.831665
21 Jun 2027 07:48:44.839,1697278.413166,139470992.955674,60463621.418585
21 Jun 2027 07:49:49.198,1695874.905861,139471022.931612,60463730.807499
21 Jun 2027 07:50:53.557,1694477.173232,139471048.428702,60463805.489265
21 Jun 2027 07:51:57.916,1693082.678717,139471069.452032,60463845.135320
21 Jun 2027 07:53:02.275,1691688.868775,139471086.029798,60463849.599391
21 Jun 2027 07:54:06.634,1690293.186420,139471098.213149,60463818.918252
21 Jun 2027 07:55:10.993,1688893.084375,139471106.075929,60463753.311539
21 Jun 2027 07:56:15.352,1687486.038357,139471109.714288,60463653.180601
21 Jun 2027 07:57:19.710,1686069.560208,139471109.246184,60463519.106416
21 Jun 2027 07:58:24.069,1684641.210901,139471104.810772,60463351.846563
21 Jun 2027 07:59:28.428,1683198.613072,139471096.567676,60463152.331282
21 Jun 2027 08:00:32.787,1681739.463613,139471084.696168,60462921.658633
21 Jun 2027 08:01:37.146,1680261.545517,139471069.394227,60462661.088781
21 Jun 2027 08:02:41.505,1678762.739444,139471050.877522,60462372.037435
21 Jun 2027 08:03:45.864,1677241.034758,139471029.378282,60462056.068484
21 Jun 2027 08:04:50.223,1675694.540024,139471005.144097,60461714.885857
21 Jun 2027 08:05:54.582,1674121.492704,139470978.436632,60461350.324652
21 Jun 2027 08:06:58.941,1672520.268542,139470949.530265,60460964.341591
21 Jun 2027 08:08:03.299,1670889.389895,139470918.710665,60460559.004831
21 Jun 2027 08:09:07.658,1669227.533432,139470886.273310,60460136.483206
21 Jun 2027 08:10:12.017,1667533.537034,139470852.521953,60459699.034934
21 Jun 2027 08:11:16.376,1665806.405839,139470817.767042,60459248.995869
21 Jun 2027 08:12:20.735,1664045.317446,139470782.324113,60458788.767342
21 Jun 2027 08:13:25.094,1662249.626086,139470746.512153,60458320.803667
21 Jun 2027 08:14:29.453,1660418.866156,139470710.651937,60457847.599361
21 Jun 2027 08:15:33.812,1658552.754517,139470675.064373,60457371.676170
21 Jun 2027 08:16:38.171,1656651.192000,139470640.068829,60456895.569938
21 Jun 2027 08:17:42.530,1654714.263933,139470605.981480,60456421.817416
21 Jun 2027 08:18:46.889,1652742.239717,139470573.113664,60455952.943052
21 Jun 2027 08:19:51.247,1650735.571297,139470541.770271,60455491.445862
21 Jun 2027 08:20:55.606,1648694.891011,139470512.248156,60455039.786418
21 Jun 2027 08:21:59.965,1646621.008156,139470484.834602,60454600.374042
21 Jun 2027 08:23:04.324,1644514.904828,139470459.805827,60454175.554272
21 Jun 2027 08:24:08.683,1642377.730791,139470437.425551,60453767.596652
21 Jun 2027 08:25:13.042,1640210.797543,139470417.943631,60453378.682918
21 Jun 2027 08:26:17.401,1638015.571349,139470401.594761,60453010.895650
21 Jun 2027 08:27:21.760,1635793.665816,139470388.597257,60452666.207426
21 Jun 2027 08:28:26.119,1633546.833352,139470379.151922,60452346.470564
21 Jun 2027 08:29:30.477,1631276.956091,139470373.441006,60452053.407472
21 Jun 2027 08:30:34.836,1628986.036092,139470371.627260,60451788.601696
21 Jun 2027 08:31:39.195,1626676.184929,139470373.853094,60451553.489668
21 Jun 2027 08:32:43.554,1624349.612728,139470380.239835,60451349.353236
21 Jun 2027 08:33:47.913,1622008.616513,139470390.887101,60451177.312992
21 Jun 2027 08:34:52.272,1619655.568494,139470405.872284,60451038.322440
21 Jun 2027 08:35:56.631,1617292.903557,139470425.250147,60450933.163031
21 Jun 2027 08:37:00.990,1614923.106637,139470449.052543,60450862.440100
21 Jun 2027 08:38:05.349,1612548.699784,139470477.288249,60450826.579715
21 Jun 2027 08:39:09.708,1610172.229074,139470509.942920,60450825.826456
21 Jun 2027 08:40:14.067,1607796.251213,139470546.979170,60450860.242146
21 Jun 2027 08:41:18.425,1605423.320454,139470588.336757,60450929.705528
21 Jun 2027 08:42:22.784,1603055.975149,139470633.932904,60451033.912896
21 Jun 2027 08:43:27.143,1600696.724586,139470683.662727,60451172.379676
21 Jun 2027 08:44:31.502,1598348.035934,139470737.399779,60451344.442945
21 Jun 2027 08:45:35.861,1596012.321426,139470794.996708,60451549.264886
21 Jun 2027 08:46:40.220,1593691.925659,139470856.286021,60451785.837145
21 Jun 2027 08:47:44.579,1591389.113629,139470921.080956,60452052.986080
21 Jun 2027 08:48:48.938,1589106.058781,139470989.176449,60452349.378868
21 Jun 2027 08:49:53.297,1586844.831753,139471060.350202,60452673.530443
21 Jun 2027 08:50:57.655,1584607.389570,139471134.363833,60453023.811222
21 Jun 2027 08:52:02.014,1582395.565489,139471210.964118,60453398.455590
21 Jun 2027 08:53:06.373,1580211.059480,139471289.884303,60453795.571084
21 Jun 2027 08:54:10.732,1578055.429243,139471370.845489,60454213.148249
21 Jun 2027 08:55:15.091,1575930.082289,139471453.558080,60454649.071087
21 Jun 2027 08:56:19.450,1573836.268532,139471537.723287,60455101.128076
21 Jun 2027 08:57:23.809,1571775.073757,139471623.034677,60455567.023677
21 Jun 2027 08:58:28.168,1569747.414002,139471709.179764,60456044.390282
21 Jun 2027 08:59:32.527,1567754.030827,139471795.841634,60456530.800534
21 Jun 2027 09:00:36.886,1565795.487281,139471882.700586,60457023.779961
21 Jun 2027 09:01:41.245,1563872.165228,139471969.435793,60457520.819854
21 Jun 2027 09:02:45.603,1561984.263207,139472055.726964,60458019.390323
21 Jun 2027 09:03:49.962,1560131.795416,139472141.256013,60458516.953462
21 Jun 2027 09:04:54.321,1558314.591633,139472225.708702,60459010.976562
21 Jun 2027 09:05:58.680,1556532.298175,139472308.776276,60459498.945285
21 Jun 2027 09:07:03.039,1554784.379552,139472390.157067,60459978.376754
21 Jun 2027 09:08:07.398,1553070.121524,139472469.558053,60460446.832474
21 Jun 2027 09:09:11.757,1551388.634596,139472546.696384,60460901.931024
21 Jun 2027 09:10:16.116,1549738.858754,139472621.300847,60461341.360446
21 Jun 2027 09:11:20.475,1548119.568948,139472693.113274,60461762.890283
21 Jun 2027 09:12:24.834,1546529.381513,139472761.889883,60462164.383183
21 Jun 2027 09:13:29.192,1544966.761205,139472827.402538,60462543.806026
21 Jun 2027 09:14:33.551,1543430.029448,139472889.439939,60462899.240501
21 Jun 2027 09:15:37.910,1541917.372885,139472947.808713,60463228.893092
21 Jun 2027 09:16:42.269,1540426.852874,139473002.334418,60463531.104413
21 Jun 2027 09:17:46.628,1538956.415559,139473052.862450,60463804.357840
21 Jun 2027 09:18:50.987,1537503.902581,139473099.258843,60464047.287410
21 Jun 2027 09:19:55.346,1536067.062327,139473141.410963,60464258.684924
21 Jun 2027 09:20:59.705,1534643.561520,139473179.228094,60464437.506239
21 Jun 2027 09:22:04.064,1533230.997554,139473212.641907,60464582.876700
21 Jun 2027 09:23:08.422,1531826.910879,139473241.606813,60464694.095692
21 Jun 2027 09:24:12.781,1530428.797824,139473266.100202,60464770.640288
21 Jun 2027 09:25:17.140,1529034.123621,139473286.122556,60464812.167968
21 Jun 2027 09:26:21.499,1527640.335658,139473301.697448,60464818.518404
21 Jun 2027 09:27:25.858,1526244.876573,139473312.871418,60464789.714293
21 Jun 2027 09:28:30.217,1524845.197826,139473319.713733,60464725.961240
21 Jun 2027 09:29:34.576,1523438.772792,139473322.316025,60464627.646684
21 Jun 2027 09:30:38.935,1522023.109955,139473320.791812,60464495.337889
21 Jun 2027 09:31:43.294,1520595.765858,139473315.275916,60464329.778985
21 Jun 2027 09:32:47.653,1519154.357889,139473305.923755,60464131.887097
21 Jun 2027 09:33:52.012,1517696.576499,139473292.910541,60463902.747577
21 Jun 2027 09:34:56.370,1516220.197463,139473276.430366,60463643.608346
21 Jun 2027 09:36:00.729,1514723.093291,139473256.695198,60463355.873408
21 Jun 2027 09:37:05.088,1513203.244357,139473233.933779,60463041.095539
21 Jun 2027 09:38:09.447,1511658.749391,139473208.390435,60462700.968207
21 Jun 2027 09:39:13.806,1510087.835396,139473180.323812,60462337.316757
21 Jun 2027 09:40:18.165,1508488.866876,139473150.005530,60461952.088913
21 Jun 2027 09:41:22.524,1506860.354234,139473117.718776,60461547.344642
21 Jun 2027 09:42:26.883,1505200.961733,139473083.756829,60461125.245431
21 Jun 2027 09:43:31.242,1503509.514295,139473048.421544,60460688.043038
21 Jun 2027 09:44:35.600,1501785.003647,139473012.021782,60460238.067778
21 Jun 2027 09:45:39.959,1500026.593606,139472974.871803,60459777.716386
21 Jun 2027 09:46:44.318,1498233.624422,139472937.289643,60459309.439553
21 Jun 2027 09:47:48.677,1496405.616080,139472899.595460,60458835.729166
21 Jun 2027 09:48:53.036,1494542.271024,139472862.109869,60458359.105342
21 Jun 2027 09:49:57.395,1492643.475554,139472825.152281,60457882.103311
21 Jun 2027 09:51:01.754,1490709.300473,139472789.039248,60457407.260221
21 Jun 2027 09:52:06.113,1488740.000685,139472754.082816,60456937.101939
21 Jun 2027 09:53:10.472,1486736.013923,139472720.588906,60456474.129896
21 Jun 2027 09:54:14.831,1484697.958324,139472688.855730,60456020.808081
21 Jun 2027 09:55:19.190,1482626.629436,139472659.172241,60455579.550205
21 Jun 2027 09:56:23.548,1480522.995926,139472631.816634,60455152.707149
21 Jun 2027 09:57:27.907,1478388.194577,139472607.054901,60454742.554725
21 Jun 2027 09:58:32.266,1476223.524369,139472585.139455,60454351.281830
21 Jun 2027 09:59:36.625,1474030.439726,139472566.307818,60453980.979059
21 Jun 2027 10:00:40.984,1471810.542976,139472550.781386,60453633.627821
21 Jun 2027 10:01:45.343,1469565.575873,139472538.764286,60453311.090031
21 Jun 2027 10:02:49.702,1467297.410738,139472530.442314,60453015.098413
21 Jun 2027 10:03:54.061,1465008.040600,139472525.981972,60452747.247491
21 Jun 2027 10:04:58.420,1462699.568823,139472525.529601,60452508.985284
21 Jun 2027 10:06:02.778,1460374.198189,139472529.210629,60452301.605773
21 Jun 2027 10:07:07.137,1458034.219447,139472537.128916,60452126.242165
21 Jun 2027 10:08:11.496,1455681.999265,139472549.366215,60451983.860999
21 Jun 2027 10:09:15.855,1453319.968132,139472565.981751,60451875.257111
21 Jun 2027 10:10:20.214,1450950.607553,139472587.011912,60451801.049500
21 Jun 2027 10:11:24.573,1448576.437166,139472612.470063,60451761.678106
21 Jun 2027 10:12:28.932,1446200.001651,139472642.346475,60451757.401522
21 Jun 2027 10:13:33.291,1443823.857510,139472676.608378,60451788.295645
21 Jun 2027 10:14:37.650,1441450.559616,139472715.200131,60451854.253283
21 Jun 2027 10:15:42.009,1439082.648141,139472758.043509,60451954.984714
21 Jun 2027 10:16:46.367,1436722.635188,139472805.038116,60452090.019191
21 Jun 2027 10:17:50.726,1434372.991754,139472856.061898,60452258.707394
21 Jun 2027 10:18:55.085,1432036.134873,139472910.971785,60452460.224809
21 Jun 2027 10:19:59.444,1429714.415038,139472969.604428,60452693.576016
21 Jun 2027 10:21:03.803,1427410.103991,139473031.777051,60452957.599877
21 Jun 2027 10:22:08.162,1425125.382785,139473097.288398,60453250.975569
21 Jun 2027 10:23:12.521,1422862.330622,139473165.919781,60453572.229467
21 Jun 2027 10:24:16.880,1420622.913906,139473237.436210,60453919.742807
21 Jun 2027 10:25:21.239,1418408.976029,139473311.587618,60454291.760115
21 Jun 2027 10:26:25.598,1416222.227793,139473388.110157,60454686.398340
21 Jun 2027 10:27:29.957,1414064.238546,139473466.727568,60455101.656654
21 Jun 2027 10:28:34.315,1411936.427852,139473547.152615,60455535.426867
21 Jun 2027 10:29:38.674,1409840.058327,139473629.088576,60455985.504399
21 Jun 2027 10:30:43.033,1407776.228938,139473712.230782,60456449.599750
21 Jun 2027 10:31:47.392,1405745.869296,139473796.268200,60456925.350420
21 Jun 2027 10:32:51.751,1403749.734837,139473880.885049,60457410.333199
21 Jun 2027 10:33:56.110,1401788.402929,139473965.762432,60457902.076783
21 Jun 2027 10:35:00.469,1399862.269702,139474050.580000,60458398.074633
21 Jun 2027 10:36:04.828,1397971.548215,139474135.017607,60458895.798020
21 Jun 2027 10:37:09.187,1396116.267212,139474218.756978,60459392.709185
21 Jun 2027 10:38:13.545,1394296.270990,139474301.483354,60459886.274550
21 Jun 2027 10:39:17.904,1392511.220221,139474382.887131,60460373.977897
21 Jun 2027 10:40:22.263,1390760.593725,139474462.665463,60460853.333469
21 Jun 2027 10:41:26.622,1389043.691201,139474540.523836,60461321.898904
21 Jun 2027 10:42:30.981,1387359.636728,139474616.177594,60461777.287947
21 Jun 2027 10:43:35.340,1385707.383558,139474689.353418,60462217.182868
21 Jun 2027 10:44:39.699,1384085.719402,139474759.790742,60462639.346525
21 Jun 2027 10:45:44.058,1382493.272782,139474827.243106,60463041.634006
21 Jun 2027 10:46:48.417,1380928.520167,139474891.479438,60463422.003792
21 Jun 2027 10:47:52.776,1379389.793938,139474952.285244,60463778.528383
21 Jun 2027 10:48:57.135,1377875.290918,139475009.463731,60464109.404329
21 Jun 2027 10:50:01.493,1376383.081979,139475062.836820,60464412.961614
21 Jun 2027 10:51:05.852,1374911.121934,139475112.246076,60464687.672349
21 Jun 2027 10:52:10.211,1373457.260215,139475157.553522,60464932.158722
21 Jun 2027 10:53:14.570,1372019.252067,139475198.642362,60465145.200172
21 Jun 2027 10:54:18.929,1370594.770264,139475235.417582,60465325.739738
21 Jun 2027 10:55:23.288,1369181.417081,139475267.806447,60465472.889561
21 Jun 2027 10:56:27.647,1367776.736973,139475295.758870,60465585.935503
21 Jun 2027 10:57:32.006,1366378.229231,139475319.247681,60465664.340868
21 Jun 2027 10:58:36.365,1364983.361024,139475338.268759,60465707.749190
21 Jun 2027 10:59:40.723,1363589.580574,139475352.841059,60465715.986091
21 Jun 2027 11:00:45.082,1362194.330433,139475363.006508,60465689.060189
21 Jun 2027 11:01:49.441,1360795.060845,139475368.829791,60465627.163051
21 Jun 2027 11:02:53.800,1359389.242857,139475370.398014,60465530.668197
21 Jun 2027 11:03:58.159,1357974.381701,139475367.820247,60465400.129157
21 Jun 2027 11:05:02.518,1356548.029631,139475361.226963,60465236.276590
21 Jun 2027 11:06:06.877,1355107.798702,139475350.769358,60465040.014480
21 Jun 2027 11:07:11.236,1353651.373188,139475336.618565,60464812.415431
21 Jun 2027 11:08:15.595,1352176.521686,139475318.964766,60464554.715089
21 Jun 2027 11:09:19.954,1350681.108553,139475298.016207,60464268.305706
21 Jun 2027 11:10:24.313,1349163.105280,139475273.998112,60463954.728898
21 Jun 2027 11:11:28.671,1347620.600868,139475247.151517,60463615.667619
21 Jun 2027 11:12:33.030,1346051.811826,139475217.732018,60463252.937405
21 Jun 2027 11:13:37.389,1344455.091455,139475186.008445,60462868.476924
21 Jun 2027 11:14:41.748,1342828.938430,139475152.261464,60462464.337887
21 Jun 2027 11:15:46.107,1341172.004495,139475116.782123,60462042.674369
21 Jun 2027 11:16:50.466,1339483.101705,139475079.870340,60461605.731601
21 Jun 2027 11:17:54.825,1337761.208428,139475041.833347,60461155.834280
21 Jun 2027 11:18:59.184,1336005.474719,139475002.984092,60460695.374478
21 Jun 2027 11:20:03.543,1334215.226736,139474963.639621,60460226.799186
21 Jun 2027 11:21:07.901,1332389.970263,139474924.119427,60459752.597583
21 Jun 2027 11:22:12.260,1330529.393297,139474884.743795,60459275.288081
21 Jun 2027 11:23:16.619,1328633.367550,139474845.832138,60458797.405214
21 Jun 2027 11:24:20.978,1326701.949301,139474807.701340,60458321.486457
21 Jun 2027 11:25:25.337,1324735.378992,139474770.664114,60457850.059008
21 Jun 2027 11:26:29.696,1322734.079998,139474735.027373,60457385.626645
21 Jun 2027 11:27:34.055,1320698.656413,139474701.090645,60456930.656693
21 Jun 2027 11:28:38.414,1318629.889973,139474669.144513,60456487.567179
21 Jun 2027 11:29:42.773,1316528.735808,139474639.469111,60456058.714256
21 Jun 2027 11:30:47.132,1314396.317716,139474612.332667,60455646.379931
21 Jun 2027 11:31:51.490,1312233.922148,139474587.990114,60455252.760197
21 Jun 2027 11:32:55.849,1310042.991569,139474566.681766,60454879.953601
21 Jun 2027 11:34:00.208,1307825.116936,139474548.632072,60454529.950319
21 Jun 2027 11:35:04.567,1305582.029475,139474534.048450,60454204.621806
21 Jun 2027 11:36:08.926,1303315.591492,139474523.120216,60453905.711050
21 Jun 2027 11:37:13.285,1301027.786935,139474516.017595,60453634.823504
21 Jun 2027 11:38:17.644,1298720.710905,139474512.890840,60453393.418728
21 Jun 2027 11:39:22.003,1296396.558795,139474513.869458,60453182.802797
21 Jun 2027 11:40:26.362,1294057.614854,139474519.061532,60453004.121500
21 Jun 2027 11:41:30.721,1291706.240324,139474528.553164,60452858.354379
21 Jun 2027 11:42:35.080,1289344.861164,139474542.408027,60452746.309630
21 Jun 2027 11:43:39.438,1286975.955291,139474560.667037,60452668.619898
21 Jun 2027 11:44:43.797,1284602.039896,139474583.348141,60452625.738983
21 Jun 2027 11:45:48.156,1282225.658208,139474610.446220,60452617.939481
21 Jun 2027 11:46:52.515,1279849.366287,139474641.933125,60452645.311360
21 Jun 2027 11:47:56.874,1277475.719735,139474677.757814,60452707.761499
21 Jun 2027 11:49:01.233,1275107.260418,139474717.846625,60452805.014167
21 Jun 2027 11:50:05.592,1272746.503086,139474762.103655,60452936.612460
21 Jun 2027 11:51:09.951,1270395.922531,139474810.411258,60453101.920679
21 Jun 2027 11:52:14.310,1268057.940538,139474862.630658,60453300.127638
21 Jun 2027 11:53:18.668,1265734.913342,139474918.602670,60453530.250885
21 Jun 2027 11:54:23.027,1263429.119331,139474978.148523,60453791.141818
21 Jun 2027 11:55:27.386,1261142.747257,139475041.070793,60454081.491659
21 Jun 2027 11:56:31.745,1258877.884689,139475107.154426,60454399.838266
21 Jun 2027 11:57:36.104,1256636.507363,139475176.167852,60454744.573746
21 Jun 2027 11:58:40.463,1254420.468750,139475247.864192,60455113.952817
21 Jun 2027 11:59:44.822,1252231.490479,139475321.982535,60455506.101898
21 Jun 2027 12:00:49.181,1250071.153333,139475398.249296,60455919.028853
21 Jun 2027 12:01:53.540,1247940.889093,139475476.379633,60456350.633365
21 Jun 2027 12:02:57.899,1245841.972904,139475556.078930,60456798.717860
21 Jun 2027 12:04:02.258,1243775.516905,139475637.044321,60457260.998950
21 Jun 2027 12:05:06.616,1241742.464254,139475718.966264,60457735.119315
21 Jun 2027 12:06:10.975,1239743.584302,139475801.530148,60458218.659967
21 Jun 2027 12:07:15.334,1237779.468521,139475884.417928,60458709.152846
21 Jun 2027 12:08:19.693,1235850.527491,139475967.309770,60459204.093660
21 Jun 2027 12:09:24.052,1233956.988769,139476049.885716,60459700.954919
21 Jun 2027 12:10:28.411,1232098.895557,139476131.827342,60460197.199089
21 Jun 2027 12:11:32.770,1230276.106719,139476212.819412,60460690.291800
21 Jun 2027 12:12:37.129,1228488.297333,139476292.551512,60461177.715034
21 Jun 2027 12:13:41.488,1226734.960453,139476370.719662,60461656.980227
21 Jun 2027 12:14:45.846,1225015.409727,139476447.027893,60462125.641228
21 Jun 2027 12:15:50.205,1223328.783016,139476521.189782,60462581.307022
21 Jun 2027 12:16:54.564,1221674.046716,139476592.929943,60463021.654175
21 Jun 2027 12:17:58.923,1220050.001389,139476661.985447,60463444.438931
21 Jun 2027 12:19:03.282,1218455.287828,139476728.107194,60463847.508883
21 Jun 2027 12:20:07.641,1216888.394183,139476791.061203,60464228.814178
21 Jun 2027 12:21:12.000,1215347.663816,139476850.629822,60464586.418185
21 Jun 2027 12:22:16.359,1213831.303977,139476906.612864,60464918.507574
21 Jun 2027 12:23:20.718,1212337.394969,139476958.828642,60465223.401752
21 Jun 2027 12:24:25.077,1210863.900381,139477007.114909,60465499.561610
21 Jun 2027 12:25:29.435,1209408.677504,139477051.329705,60465745.597534
21 Jun 2027 12:26:33.794,1207969.488553,139477091.352088,60465960.276634
21 Jun 2027 12:27:38.153,1206544.012293,139477127.082763,60466142.529165
21 Jun 2027 12:28:42.512,1205129.856127,139477158.444600,60466291.454092
21 Jun 2027 12:29:46.871,1203724.568582,139477185.383027,60466406.323776
21 Jun 2027 12:30:51.230,1202325.651916,139477207.866320,60466486.587766
21 Jun 2027 12:31:55.589,1200930.575342,139477225.885762,60466531.875664
21 Jun 2027 12:32:59.948,1199536.788055,139477239.455688,60466541.999046
21 Jun 2027 12:34:04.307,1198141.732525,139477248.613414,60466516.952451
21 Jun 2027 12:35:08.666,1196742.857830,139477253.419038,60466456.913402
21 Jun 2027 12:36:13.025,1195337.632961,139477253.955130,60466362.241488
21 Jun 2027 12:37:17.383,1193923.559838,139477250.326303,60466233.476490
21 Jun 2027 12:38:21.742,1192498.186531,139477242.658670,60466071.335571
21 Jun 2027 12:39:26.101,1191059.119888,139477231.099185,60465876.709545
21 Jun 2027 12:40:30.460,1189604.038014,139477215.814887,60465650.658240
21 Jun 2027 12:41:34.819,1188130.702346,139477196.992025,60465394.404985
21 Jun 2027 12:42:39.178,1186636.969376,139477174.835097,60465109.330238
21 Jun 2027 12:43:43.537,1185120.801607,139477149.565785,60464796.964407
21 Jun 2027 12:44:47.896,1183580.278416,139477121.421806,60464458.979882
21 Jun 2027 12:45:52.255,1182013.605890,139477090.655675,60464097.182333
21 Jun 2027 12:46:56.613,1180419.126194,139477057.533398,60463713.501313
21 Jun 2027 12:48:00.972,1178795.326194,139477022.333087,60463309.980212
21 Jun 2027 12:49:05.331,1177140.845366,139476985.343523,60462888.765629
21 Jun 2027 12:50:09.690,1175454.482873,139476946.862648,60462452.096194
21 Jun 2027 12:51:14.049,1173735.203666,139476907.196027,60462002.290922
21 Jun 2027 12:52:18.408,1171982.144130,139476866.655256,60461541.737143
21 Jun 2027 12:53:22.767,1170194.616391,139476825.556350,60461072.878075
21 Jun 2027 12:54:27.126,1168372.111977,139476784.218097,60460598.200111
21 Jun 2027 12:55:31.485,1166514.304407,139476742.960410,60460120.219880
21 Jun 2027 12:56:35.844,1164621.050967,139476702.102660,60459641.471147
21 Jun 2027 12:57:40.203,1162692.393298,139476661.962025,60459164.491627
21 Jun 2027 12:58:44.561,1160728.557398,139476622.851840,60458691.809780
21 Jun 2027 12:59:48.920,1158729.952297,139476585.079972,60458225.931649
21 Jun 2027 13:00:53.279,1156697.167966,139476548.947222,60457769.327820
21 Jun 2027 13:01:57.638,1154630.972248,139476514.745766,60457324.420563
21 Jun 2027 13:03:01.997,1152532.306901,139476482.757636,60456893.571227
21 Jun 2027 13:04:06.356,1150402.282544,139476453.253259,60456479.067948
21 Jun 2027 13:05:10.715,1148242.173099,139476426.490055,60456083.113746
21 Jun 2027 13:06:15.074,1146053.409018,139476402.711095,60455707.815052
21 Jun 2027 13:07:19.433,1143837.569882,139476382.143849,60455355.170753
21 Jun 2027 13:08:23.791,1141596.376167,139476364.998997,60455027.061785
21 Jun 2027 13:09:28.150,1139331.680290,139476351.469344,60454725.241344
21 Jun 2027 13:10:32.509,1137045.457021,139476341.728815,60454451.325763
21 Jun 2027 13:11:36.868,1134739.793044,139476335.931552,60454206.786101
21 Jun 2027 13:12:41.227,1132416.876337,139476334.211120,60453992.940485
21 Jun 2027 13:13:45.586,1130078.984607,139476336.679807,60453810.947249
21 Jun 2027 13:14:49.945,1127728.473505,139476343.428049,60453661.798911
21 Jun 2027 13:15:54.304,1125367.764351,139476354.523957,60453546.317001
21 Jun 2027 13:16:58.663,1122999.331578,139476370.012963,60453465.147790
21 Jun 2027 13:18:03.022,1120625.689686,139476389.917589,60453418.758924
21 Jun 2027 13:19:07.380,1118249.380417,139476414.237328,60453407.436993
21 Jun 2027 13:20:11.739,1115872.959343,139476442.948645,60453431.286037
21 Jun 2027 13:21:16.098,1113498.982621,139476476.005106,60453490.227004
21 Jun 2027 13:22:20.457,1111129.993690,139476513.337613,60453583.998165
21 Jun 2027 13:23:24.816,1108768.510059,139476554.854766,60453712.156473
21 Jun 2027 13:24:29.175,1106417.010074,139476600.443340,60453874.079869
21 Jun 2027 13:25:33.534,1104077.920243,139476649.968867,60454068.970521
21 Jun 2027 13:26:37.893,1101753.602444,139476703.276343,60454295.858974
21 Jun 2027 13:27:42.252,1099446.341674,139476760.191022,60454553.609199
21 Jun 2027 13:28:46.611,1097158.334178,139476820.519336,60454840.924500
21 Jun 2027 13:29:50.969,1094891.675983,139476884.049887,60455156.354267
21 Jun 2027 13:30:55.328,1092648.352080,139476950.554555,60455498.301523
21 Jun 2027 13:31:59.687,1090430.225884,139477019.789676,60455865.031238
21 Jun 2027 13:33:04.046,1088239.029808,139477091.497312,60456254.679354
21 Jun 2027 13:34:08.405,1086076.356065,139477165.406582,60456665.262490
21 Jun 2027 13:35:12.764,1083943.648450,139477241.235077,60457094.688263
21 Jun 2027 13:36:17.123,1081842.194788,139477318.690319,60457540.766178
21 Jun 2027 13:37:21.482,1079773.120323,139477397.471285,60458001.219028
21 Jun 2027 13:38:25.841,1077737.381661,139477477.269963,60458473.694743
21 Jun 2027 13:39:30.200,1075735.762036,139477557.772956,60458955.778634
21 Jun 2027 13:40:34.558,1073768.867085,139477638.663106,60459445.005960
21 Jun 2027 13:41:38.917,1071837.121739,139477719.621139,60459938.874752
21 Jun 2027 13:42:43.276,1069940.767999,139477800.327326,60460434.858838
21 Jun 2027 13:43:47.635,1068079.863733,139477880.463137,60460930.420987
21 Jun 2027 13:44:51.994,1066254.282195,139477959.712899,60461423.026116
21 Jun 2027 13:45:56.353,1064463.712939,139478037.765430,60461910.154482
21 Jun 2027 13:47:00.712,1062707.663267,139478114.315656,60462389.314795
21 Jun 2027 13:48:05.071,1060985.460840,139478189.066194,60462858.057185
21 Jun 2027 13:49:09.430,1059296.257170,139478261.728895,60463313.985951
21 Jun 2027 13:50:13.789,1057639.032037,139478332.026338,60463754.772032
21 Jun 2027 13:51:18.148,1056012.598842,139478399.693273,60464178.165121
21 Jun 2027 13:52:22.506,1054415.610624,139478464.477991,60464582.005386
21 Jun 2027 13:53:26.865,1052846.567300,139478526.143636,60464964.234701
21 Jun 2027 13:54:31.224,1051303.823311,139478584.469431,60465322.907365
21 Jun 2027 13:55:35.583,1049785.596246,139478639.251824,60465656.200223
21 Jun 2027 13:56:39.942,1048289.976094,139478690.305544,60465962.422157
21 Jun 2027 13:57:44.301,1046814.935235,139478737.464560,60466240.022885
21 Jun 2027 13:58:48.660,1045358.338831,139478780.582946,60466487.601033
21 Jun 2027 13:59:53.019,1043917.956175,139478819.535637,60466703.911422
21 Jun 2027 14:00:57.378,1042491.472137,139478854.219073,60466887.871556
21 Jun 2027 14:02:01.736,1041076.499266,139478884.551742,60467038.567248
21 Jun 2027 14:03:06.095,1039670.590186,139478910.474599,60467155.257384
21 Jun 2027 14:04:10.454,1038271.250402,139478931.951374,60467237.377776
21 Jun 2027 14:05:14.813,1036875.951111,139478948.968756,60467284.544100
21 Jun 2027 14:06:19.172,1035482.142598,139478961.536466,60467296.553897
21 Jun 2027 14:07:23.531,1034087.267338,139478969.687204,60467273.387623
21 Jun 2027 14:08:27.890,1032688.773373,139478973.476479,60467215.208756
21 Jun 2027 14:09:32.249,1031284.127563,139478972.982320,60467122.362940
21 Jun 2027 14:10:36.608,1029870.828784,139478968.304869,60466995.376189
21 Jun 2027 14:11:40.967,1028446.420983,139478959.565866,60466834.952151
21 Jun 2027 14:12:45.326,1027008.505791,139478946.908011,60466641.968443
21 Jun 2027 14:13:49.684,1025554.755262,139478930.494227,60466417.472082
21 Jun 2027 14:14:54.043,1024082.923812,139478910.506811,60466162.674041
21 Jun 2027 14:15:58.402,1022590.859942,139478887.146489,60465878.942946
21 Jun 2027 14:17:02.761,1021076.517456,139478860.631374,60465567.797947
21 Jun 2027 14:18:07.120,1019537.966121,139478831.195834,60465230.900818
21 Jun 2027 14:19:11.479,1017973.401582,139478799.089275,60464870.047310
21 Jun 2027 14:20:15.838,1016381.154978,139478764.574846,60464487.157798
21 Jun 2027 14:21:20.197,1014759.701460,139478727.928071,60464084.267291
21 Jun 2027 14:22:24.556,1013107.668170,139478689.435426,60463663.514845
21 Jun 2027 14:23:28.914,1011423.841396,139478649.392842,60463227.132422
21 Jun 2027 14:24:33.273,1009707.172920,139478608.104177,60462777.433280
21 Jun 2027 14:25:37.632,1007956.785309,139478565.879636,60462316.799935
21 Jun 2027 14:26:41.991,1006171.976739,139478523.034160,60461847.671758
21 Jun 2027 14:27:46.350,1004352.224462,139478479.885795,60461372.532278
21 Jun 2027 14:28:50.709,1002497.187590,139478436.754037,60460893.896265
21 Jun 2027 14:29:55.068,1000606.708845,139478393.958175,60460414.296634
21 Jun 2027 14:30:59.427,998680.815402,139478351.815638,60459936.271267
21 Jun 2027 14:32:03.786,996719.718776,139478310.640342,60459462.349802
21 Jun 2027 14:33:08.145,994723.813567,139478270.741066,60458995.040474
21 Jun 2027 14:34:12.503,992693.675627,139478232.419845,60458536.817054
21 Jun 2027 14:35:16.862,990630.058928,139478195.970407,60458090.105979
21 Jun 2027 14:36:21.221,988533.891668,139478161.676646,60457657.273722
21 Jun 2027 14:37:25.580,986406.271436,139478129.811151,60457240.614478
21 Jun 2027 14:38:29.939,984248.459555,139478100.633788,60456842.338224
21 Jun 2027 14:39:34.298,982061.874338,139478074.390357,60456464.559213
21 Jun 2027 14:40:38.657,979848.083961,139478051.311311,60456109.284980
21 Jun 2027 14:41:43.016,977608.798140,139478031.610568,60455778.405883
21 Jun 2027 14:42:47.375,975345.859263,139478015.484390,60455473.685275
21 Jun 2027 14:43:51.734,973061.232817,139478003.110377,60455196.750319
21 Jun 2027 14:44:56.093,970756.997196,139477994.646538,60454949.083525
21 Jun 2027 14:46:00.451,968435.332725,139477990.230472,60454732.015032
21 Jun 2027 14:47:04.810,966098.510534,139477989.978659,60454546.715686
21 Jun 2027 14:48:09.169,963748.880609,139477993.985850,60454394.190948
21 Jun 2027 14:49:13.528,961388.859580,139478002.324581,60454275.275657
21 Jun 2027 14:50:17.887,959020.918166,139478015.044793,60454190.629691
21 Jun 2027 14:51:22.246,956647.568294,139478032.173576,60454140.734527
21 Jun 2027 14:52:26.605,954271.350072,139478053.715028,60454125.890742
21 Jun 2027 14:53:30.964,951894.818430,139478079.650233,60454146.216440
21 Jun 2027 14:54:35.323,949520.530038,139478109.937363,60454201.646647
21 Jun 2027 14:55:39.681,947151.029854,139478144.511892,60454291.933639
21 Jun 2027 14:56:44.040,944788.837918,139478183.286932,60454416.648242
21 Jun 2027 14:57:48.399,942436.436238,139478226.153686,60454575.182055
21 Jun 2027 14:58:52.758,940096.255907,139478272.982013,60454766.750626
21 Jun 2027 14:59:57.117,937770.664312,139478323.621103,60454990.397526
21 Jun 2027 15:01:01.476,935461.953012,139478377.900260,60455244.999333
21 Jun 2027 15:02:05.835,933172.325694,139478435.629787,60455529.271475
21 Jun 2027 15:03:10.194,930903.886741,139478496.601974,60455841.774917
21 Jun 2027 15:04:14.553,928658.630254,139478560.592174,60456180.923649
21 Jun 2027 15:05:18.912,926438.429727,139478627.359971,60456544.992943
21 Jun 2027 15:06:23.271,924245.028148,139478696.650426,60456932.128324
21 Jun 2027 15:07:27.629,922080.029157,139478768.195400,60457340.355227
21 Jun 2027 15:08:31.988,919944.888540,139478841.714949,60457767.589269
21 Jun 2027 15:09:36.347,917840.906709,139478916.918773,60458211.647098
21 Jun 2027 15:10:40.706,915769.221903,139478993.507728,60458670.257758
21 Jun 2027 15:11:45.065,913730.804333,139479071.175371,60459141.074505
21 Jun 2027 15:12:49.424,911726.450970,139479149.609560,60459621.687020
21 Jun 2027 15:13:53.783,909756.781611,139479228.494064,60460109.633958
21 Jun 2027 15:14:58.142,907822.235533,139479307.510211,60460602.415752
21 Jun 2027 15:16:02.501,905923.069215,139479386.338542,60461097.507623
21 Jun 2027 15:17:06.859,904059.355019,139479464.660464,60461592.372722
21 Jun 2027 15:18:11.218,902230.980809,139479542.159907,60462084.475330
21 Jun 2027 15:19:15.577,900437.650567,139479618.524964,60462571.294058
21 Jun 2027 15:20:19.936,898678.885793,139479693.449507,60463050.334964
21 Jun 2027 15:21:24.295,896954.028222,139479766.634780,60463519.144539
21 Jun 2027 15:22:28.654,895262.243086,139479837.790945,60463975.322469
21 Jun 2027 15:23:33.013,893602.523501,139479906.638588,60464416.534133
21 Jun 2027 15:24:37.372,891973.695713,139479972.910169,60464840.522748
21 Jun 2027 15:25:41.731,890374.425240,139480036.351409,60465245.121118
21 Jun 2027 15:26:46.090,888803.223666,139480096.722611,60465628.262911
21 Jun 2027 15:27:50.448,887258.456613,139480153.799901,60465987.993415
21 Jun 2027 15:28:54.807,885738.352093,139480207.376392,60466322.479706
21 Jun 2027 15:29:59.166,884241.009774,139480257.263257,60466630.020193
21 Jun 2027 15:31:03.525,882764.410865,139480303.290706,60466909.053470
21 Jun 2027 15:32:07.884,881306.428649,139480345.308869,60467158.166443
21 Jun 2027 15:33:12.243,879864.839430,139480383.188576,60467376.101686
21 Jun 2027 15:34:16.602,878437.334299,139480416.822021,60467561.763981
21 Jun 2027 15:35:20.961,877021.531019,139480446.123323,60467714.226022
21 Jun 2027 15:36:25.320,875614.986444,139480471.028975,60467832.733238
21 Jun 2027 15:37:29.679,874215.209254,139480491.498168,60467916.707724
21 Jun 2027 15:38:34.037,872819.672899,139480507.513005,60467965.751244
21 Jun 2027 15:39:38.396,871425.828810,139480519.078594,60467979.647305
21 Jun 2027 15:40:42.755,870031.119479,139480526.223019,60467958.362286
21 Jun 2027 15:41:47.114,868632.992022,139480528.997194,60467902.045609
21 Jun 2027 15:42:51.473,867228.911302,139480527.474600,60467811.028967
21 Jun 2027 15:43:55.832,865816.373163,139480521.750902,60467685.824592
21 Jun 2027 15:45:00.191,864392.917451,139480511.943452,60467527.122591
21 Jun 2027 15:46:04.550,862956.140880,139480498.190681,60467335.787357
21 Jun 2027 15:47:08.909,861503.709362,139480480.651377,60467112.853066
21 Jun 2027 15:48:13.268,860033.370396,139480459.503863,60466859.518300
21 Jun 2027 15:49:17.626,858542.964626,139480434.945072,60466577.139804
21 Jun 2027 15:50:21.985,857030.437121,139480407.189522,60466267.225429
21 Jun 2027 15:51:26.344,855493.848095,139480376.468203,60465931.426283
21 Jun 2027 15:52:30.703,853931.383000,139480343.027382,60465571.528136
21 Jun 2027 15:53:35.062,852341.361828,139480307.127316,60465189.442130
21 Jun 2027 15:54:39.421,850722.248100,139480269.040912,60464787.194833
21 Jun 2027 15:55:43.780,849072.656697,139480229.052299,60464366.917686
21 Jun 2027 15:56:48.139,847391.361099,139480187.455365,60463930.835918
21 Jun 2027 15:57:52.498,845677.299801,139480144.552221,60463481.256960
21 Jun 2027 15:58:56.857,843929.581779,139480100.651639,60463020.558439
21 Jun 2027 16:00:01.216,842147.491220,139480056.067450,60462551.175801
21 Jun 2027 16:01:05.574,840330.491071,139480011.116912,60462075.589640
21 Jun 2027 16:02:09.933,838478.226067,139479966.119065,60461596.312787
21 Jun 2027 16:03:14.292,836590.524414,139479921.393074,60461115.877228
21 Jun 2027 16:04:18.651,834667.398751,139479877.256577,60460636.820935
21 Jun 2027 16:05:23.010,832709.046054,139479834.024031,60460161.674649
21 Jun 2027 16:06:27.369,830715.846669,139479792.005082,60459692.948714
21 Jun 2027 16:07:31.728,828688.362163,139479751.502963,60459233.120013
21 Jun 2027 16:08:36.087,826627.332649,139479712.812911,60458784.619075
21 Jun 2027 16:09:40.446,824533.672767,139479676.220645,60458349.817426
21 Jun 2027 16:10:44.804,822408.466981,139479642.000876,60457931.015247
21 Jun 2027 16:11:49.163,820252.963903,139479610.415885,60457530.429403
21 Jun 2027 16:12:53.522,818068.569866,139479581.714162,60457150.181909
21 Jun 2027 16:13:57.881,815856.841438,139479556.129117,60456792.288880
21 Jun 2027 16:15:02.240,813619.477551,139479533.877865,60456458.650043
21 Jun 2027 16:16:06.599,811358.310506,139479515.160107,60456151.038849
21 Jun 2027 16:17:10.958,809075.296482,139479500.157088,60455871.093245
21 Jun 2027 16:18:15.317,806772.505349,139479489.030658,60455620.307144
21 Jun 2027 16:19:19.676,804452.109900,139479481.922434,60455400.022658
21 Jun 2027 16:20:24.035,802116.374581,139479478.953064,60455211.423107
21 Jun 2027 16:21:28.394,799767.643546,139479480.221604,60455055.526864
21 Jun 2027 16:22:32.752,797408.328709,139479485.804999,60454933.182054
21 Jun 2027 16:23:37.111,795040.897016,139479495.757690,60454845.062139
21 Jun 2027 16:24:41.470,792667.857656,139479510.111328,60454791.662414
21 Jun 2027 16:25:45.829,790291.748993,139479528.874612,60454773.297431
21 Jun 2027 16:26:50.188,787915.125415,139479552.033244,60454790.099359
21 Jun 2027 16:27:54.547,785540.543858,139479579.550004,60454842.017298
21 Jun 2027 16:28:58.906,783170.550773,139479611.364942,60454928.817543
21 Jun 2027 16:30:03.265,780807.668665,139479647.395692,60455050.084802
21 Jun 2027 16:31:07.624,778454.383046,139479687.537898,60455205.224353
21 Jun 2027 16:32:11.982,776113.129490,139479731.665756,60455393.465145
21 Jun 2027 16:33:16.341,773786.280975,139479779.632668,60455613.863807
21 Jun 2027 16:34:20.700,771476.135425,139479831.272006,60455865.309559
21 Jun 2027 16:35:25.059,769184.903935,139479886.397970,60456146.529991
21 Jun 2027 16:36:29.418,766914.699140,139479944.806559,60456456.097689
21 Jun 2027 16:37:33.777,764667.524243,139480006.276629,60456792.437657
21 Jun 2027 16:38:38.136,762445.262597,139480070.571037,60457153.835524
21 Jun 2027 16:39:42.495,760249.667901,139480137.437878,60457538.446454
21 Jun 2027 16:40:46.854,758082.355134,139480206.611786,60457944.304758
21 Jun 2027 16:41:51.213,755944.791956,139480277.815317,60458369.334117
21 Jun 2027 16:42:55.571,753838.291322,139480350.760388,60458811.358391
21 Jun 2027 16:43:59.930,751764.004506,139480425.149769,60459268.112944
21 Jun 2027 16:45:04.289,749722.915130,139480500.678627,60459737.256429
21 Jun 2027 16:46:08.648,747715.834053,139480577.036112,60460216.382975
21 Jun 2027 16:47:13.007,745743.395197,139480653.906964,60460703.034705
21 Jun 2027 16:48:17.366,743806.052073,139480730.973155,60461194.714531
21 Jun 2027 16:49:21.725,741904.075673,139480807.915534,60461688.899147
21 Jun 2027 16:50:26.084,740037.552895,139480884.415489,60462183.052162
21 Jun 2027 16:51:30.443,738206.386130,139480960.156595,60462674.637302
21 Jun 2027 16:52:34.802,736410.293776,139481034.826260,60463161.131607
21 Jun 2027 16:53:39.161,734648.811731,139481108.117346,60463640.038562
21 Jun 2027 16:54:43.519,732921.295668,139481179.729760,60464108.901090
21 Jun 2027 16:55:47.878,731226.924610,139481249.372017,60464565.314341
21 Jun 2027 16:56:52.237,729564.705040,139481316.762747,60465006.938206
21 Jun 2027 16:57:56.596,727933.476131,139481381.632158,60465431.509494
21 Jun 2027 16:59:00.955,726331.915776,139481443.723435,60465836.853715
21 Jun 2027 17:00:05.314,724758.547468,139481502.794072,60466220.896392
21 Jun 2027 17:01:09.673,723211.748010,139481558.617131,60466581.673860
21 Jun 2027 17:02:14.032,721689.755838,139481610.982421,60466917.343487
21 Jun 2027 17:03:18.391,720190.680393,139481659.697584,60467226.193258
21 Jun 2027 17:04:22.749,718712.511818,139481704.589097,60467506.650692
21 Jun 2027 17:05:27.108,717253.131451,139481745.503171,60467757.291021
21 Jun 2027 17:06:31.467,715810.322854,139481782.306546,60467976.844606
21 Jun 2027 17:07:35.826,714381.783381,139481814.887188,60468164.203544
21 Jun 2027 17:08:40.185,712965.136021,139481843.154864,60468318.427437
21 Jun 2027 17:09:44.544,711557.941976,139481867.041615,60468438.748283
21 Jun 2027 17:10:48.903,710157.713214,139481886.502102,60468524.574475
21 Jun 2027 17:11:53.262,708761.925466,139481901.513847,60468575.493875
21 Jun 2027 17:12:57.621,707368.031338,139481912.077347,60468591.275968
21 Jun 2027 17:14:01.980,705973.473621,139481918.216069,60468571.873053
21 Jun 2027 17:15:06.339,704575.698443,139481919.976332,60468517.420496
21 Jun 2027 17:16:10.697,703172.168779,139481917.427061,60468428.236023
21 Jun 2027 17:17:15.056,701760.377536,139481910.659433,60468304.818069
21 Jun 2027 17:18:19.415,700337.860597,139481899.786402,60468147.843183
21 Jun 2027 17:19:23.774,698902.209657,139481884.942111,60467958.162505
21 Jun 2027 17:20:28.133,697451.084765,139481866.281198,60467736.797339
21 Jun 2027 17:21:32.492,695982.226538,139481843.977992,60467484.933836
21 Jun 2027 17:22:36.851,694493.467759,139481818.225609,60467203.916823
21 Jun 2027 17:23:41.210,692982.744895,139481789.234944,60466895.242802
21 Jun 2027 17:24:45.569,691448.108674,139481757.233586,60466560.552162
21 Jun 2027 17:25:49.927,689887.734262,139481722.464627,60466201.620643
21 Jun 2027 17:26:54.286,688299.930781,139481685.185406,60465820.350094
21 Jun 2027 17:27:58.645,686683.150120,139481645.666172,60465418.758574
21 Jun 2027 17:29:03.004,685035.994863,139481604.188680,60464998.969851
21 Jun 2027 17:30:07.363,683357.225780,139481561.044730,60464563.202348
21 Jun 2027 17:31:11.722,681645.768122,139481516.534651,60464113.757598
21 Jun 2027 17:32:16.081,679900.717246,139481470.965744,60463653.008267
21 Jun 2027 17:33:20.440,678121.343338,139481424.650685,60463183.385802
21 Jun 2027 17:34:24.799,676307.095240,139481377.905907,60462707.367784
21 Jun 2027 17:35:29.158,674457.603177,139481331.049951,60462227.465026
21 Jun 2027 17:36:33.516,672572.680882,139481284.401817,60461746.208512
21 Jun 2027 17:37:37.875,670652.326446,139481238.279309,60461266.136220
21 Jun 2027 17:38:42.234,668696.722348,139481192.997383,60460789.779920
21 Jun 2027 17:39:46.593,666706.234508,139481148.866515,60460319.651989
21 Jun 2027 17:40:50.952,664681.410386,139481106.191089,60459858.232343
21 Jun 2027 17:41:55.311,662622.976167,139481065.267816,60459407.955528
21 Jun 2027 17:42:59.670,660531.832836,139481026.384199,60458971.198050
21 Jun 2027 17:44:04.029,658409.051709,139480989.817034,60458550.266006
21 Jun 2027 17:45:08.388,656255.868714,139480955.830982,60458147.383084
21 Jun 2027 17:46:12.747,654073.677985,139480924.677188,60457764.678988
21 Jun 2027 17:47:17.105,651864.024621,139480896.591983,60457404.178358
21 Jun 2027 17:48:21.464,649628.596681,139480871.795655,60457067.790229
21 Jun 2027 17:49:25.823,647369.216242,139480850.491311,60456757.298096
21 Jun 2027 17:50:30.182,645087.830135,139480832.863814,60456474.350637
21 Jun 2027 17:51:34.541,642786.499685,139480819.078835,60456220.453126
21 Jun 2027 17:52:38.900,640467.390000,139480809.281985,60455996.959604
21 Jun 2027 17:53:43.259,638132.758730,139480803.598063,60455805.065830
21 Jun 2027 17:54:47.618,635784.944314,139480802.130410,60455645.803058
21 Jun 2027 17:55:51.977,633426.353702,139480804.960372,60455520.032670
21 Jun 2027 17:56:56.336,631059.450033,139480812.146877,60455428.441694
21 Jun 2027 17:58:00.694,628686.739673,139480823.726131,60455371.539228
21 Jun 2027 17:59:05.053,626310.759186,139480839.711430,60455349.653789
21 Jun 2027 18:00:09.412,623934.062188,139480860.093092,60455362.931604
21 Jun 2027 18:01:13.771,621559.206001,139480884.838506,60455411.335853
21 Jun 2027 18:02:18.130,619188.738413,139480913.892305,60455494.646854
21 Jun 2027 18:03:22.489,616825.184256,139480947.176651,60455612.463210
21 Jun 2027 18:04:26.848,614471.032493,139480984.591638,60455764.203899
21 Jun 2027 18:05:31.207,612128.723120,139481026.015816,60455949.111293
21 Jun 2027 18:06:35.566,609800.634521,139481071.306817,60456166.255108
21 Jun 2027 18:07:39.925,607489.071057,139481120.302094,60456414.537240
21 Jun 2027 18:08:44.284,605196.251119,139481172.819771,60456692.697481
21 Jun 2027 18:09:48.642,602924.295459,139481228.659578,60456999.320079
21 Jun 2027 18:10:53.001,600675.216355,139481287.603900,60457332.841106
21 Jun 2027 18:11:57.360,598450.906996,139481349.418898,60457691.556595
21 Jun 2027 18:13:01.719,596253.131664,139481413.855730,60458073.631410
21 Jun 2027 18:14:06.078,594083.516557,139481480.651839,60458477.108797
21 Jun 2027 18:15:10.437,591943.541361,139481549.532314,60458899.920565
21 Jun 2027 18:16:14.796,589834.531401,139481620.211323,60459339.897852
21 Jun 2027 18:17:19.155,587757.650959,139481692.393590,60459794.782414
21 Jun 2027 18:18:23.514,585713.897087,139481765.775932,60460262.238372
21 Jun 2027 18:19:27.872,583704.094433,139481840.048830,60460739.864375
21 Jun 2027 18:20:32.231,581728.890965,139481914.898036,60461225.206092
21 Jun 2027 18:21:36.590,579788.754619,139481990.006204,60461715.768991
21 Jun 2027 18:22:40.949,577883.970735,139482065.054539,60462209.031315
21 Jun 2027 18:23:45.308,576014.640781,139482139.724446,60462702.457211
21 Jun 2027 18:24:49.667,574180.681692,139482213.699190,60463193.509925
21 Jun 2027 18:25:54.026,572381.826308,139482286.665535,60463679.665006
21 Jun 2027 18:26:58.385,570617.624802,139482358.315371,60464158.423442
21 Jun 2027 18:28:02.744,568887.446995,139482428.347313,60464627.324666
21 Jun 2027 18:29:07.103,567190.485688,139482496.468264,60465083.959364
21 Jun 2027 18:30:11.462,565525.760693,139482562.394939,60465525.982010
21 Jun 2027 18:31:15.820,563892.124191,139482625.855330,60465951.123077
21 Jun 2027 18:32:20.179,562288.266522,139482686.590121,60466357.200845
21 Jun 2027 18:33:24.538,560712.723060,139482744.354033,60466742.132758
21 Jun 2027 18:34:28.897,559163.881825,139482798.917094,60467103.946260
21 Jun 2027 18:35:33.256,557639.991904,139482850.065837,60467440.789063
21 Jun 2027 18:36:37.615,556139.172438,139482897.604403,60467750.938786
21 Jun 2027 18:37:41.974,554659.422607,139482941.355560,60468032.811917
21 Jun 2027 18:38:46.333,553198.631906,139482981.161620,60468284.972059
21 Jun 2027 18:39:50.692,551754.591159,139483016.885259,60468506.137400
21 Jun 2027 18:40:55.050,550325.004024,139483048.410230,60468695.187386
21 Jun 2027 18:41:59.409,548907.498976,139483075.641961,60468851.168557
21 Jun 2027 18:43:03.768,547499.641508,139483098.508053,60468973.299500
21 Jun 2027 18:44:08.127,546098.947001,139483116.958648,60469060.974925
21 Jun 2027 18:45:12.486,544702.893531,139483130.966692,60469113.768810
21 Jun 2027 18:46:16.845,543308.935021,139483140.528073,60469131.436619
21 Jun 2027 18:47:21.204,541914.514483,139483145.661644,60469113.916575
21 Jun 2027 18:48:25.563,540517.077364,139483146.409120,60469061.329982
21 Jun 2027 18:49:29.922,539114.084722,139483142.834868,60468973.980593
21 Jun 2027 18:50:34.281,537703.026616,139483135.025568,60468852.353029
21 Jun 2027 18:51:38.639,536281.435041,139483123.089761,60468697.110257
21 Jun 2027 18:52:42.998,534846.896810,139483107.157291,60468509.090141
21 Jun 2027 18:53:47.357,533397.066106,139483087.378627,60468289.301079
21 Jun 2027 18:54:51.716,531929.676714,139483063.924083,60468038.916759
21 Jun 2027 18:55:56.075,530442.553817,139483036.982934,60467759.270044
21 Jun 2027 18:57:00.434,528933.625169,139483006.762430,60467451.846043
21 Jun 2027 18:58:04.793,527400.932135,139482973.486727,60467118.274377
21 Jun 2027 18:59:09.152,525842.639702,139482937.395716,60466760.320699
21 Jun 2027 19:00:13.511,524257.046083,139482898.743784,60466379.877506
21 Jun 2027 19:01:17.870,522642.591566,139482857.798489,60465978.954288
21 Jun 2027 19:02:22.229,520997.866671,139482814.839175,60465559.667073
21 Jun 2027 19:03:26.587,519321.619335,139482770.155519,60465124.227410
21 Jun 2027 19:04:30.946,517612.761656,139482724.046029,60464674.930863
21 Jun 2027 19:05:35.305,515870.375390,139482676.816494,60464214.145064
21 Jun 2027 19:06:39.664,514093.716788,139482628.778399,60463744.297388
21 Jun 2027 19:07:44.023,512282.220460,139482580.247307,60463267.862324
21 Jun 2027 19:08:48.382,510435.502347,139482531.541220,60462787.348593
21 Jun 2027 19:09:52.741,508553.361569,139482482.978930,60462305.286095
21 Jun 2027 19:10:57.100,506635.781711,139482434.878366,60461824.212741
21 Jun 2027 19:12:01.459,504682.930744,139482387.554943,60461346.661246
21 Jun 2027 19:13:05.817,502695.160190,139482341.319922,60460875.145946
21 Jun 2027 19:14:10.176,500673.003309,139482296.478800,60460412.149714
21 Jun 2027 19:15:14.535,498617.172329,139482253.329723,60459960.111038
21 Jun 2027 19:16:18.894,496528.554621,139482212.161937,60459521.411330
21 Jun 2027 19:17:23.253,494408.208292,139482173.254288,60459098.362533
21 Jun 2027 19:18:27.612,492257.356528,139482136.873777,60458693.195088
21 Jun 2027 19:19:31.971,490077.381269,139482103.274171,60458308.046326
21 Jun 2027 19:20:36.330,487869.816018,139482072.694692,60457944.949345
21 Jun 2027 19:21:40.689,485636.337857,139482045.358767,60457605.822431
21 Jun 2027 19:22:45.048,483378.758761,139482021.472879,60457292.459070
21 Jun 2027 19:23:49.407,481099.016012,139482001.225487,60457006.518618
21 Jun 2027 19:24:53.765,478799.162347,139481984.786054,60456749.517665
21 Jun 2027 19:25:58.124,476481.355133,139481972.304166,60456522.822138
21 Jun 2027 19:27:02.483,474147.845163,139481963.908755,60456327.640199
21 Jun 2027 19:28:06.842,471800.964943,139481959.707431,60456165.015952
21 Jun 2027 19:29:11.201,469443.116604,139481959.785924,60456035.824009
21 Jun 2027 19:30:15.560,467076.759246,139481964.207641,60455940.764942
21 Jun 2027 19:31:19.919,464704.396349,139481973.013335,60455880.361636
21 Jun 2027 19:32:24.278,462328.562629,139481986.220895,60455854.956564
21 Jun 2027 19:33:28.637,459951.810852,139482003.825252,60455864.710010
21 Jun 2027 19:34:32.995,457576.698566,139482025.798409,60455909.599229
21 Jun 2027 19:35:37.354,455205.774819,139482052.089583,60455989.418571
21 Jun 2027 19:36:41.713,452841.566745,139482082.625472,60456103.780549
21 Jun 2027 19:37:46.072,450486.566663,139482117.310632,60456252.117854
21 Jun 2027 19:38:50.431,448143.218917,139482156.027979,60456433.686309
21 Jun 2027 19:39:54.790,445813.907208,139482198.639389,60456647.568743
21 Jun 2027 19:40:59.149,443500.942206,139482244.986421,60456892.679762
21 Jun 2027 19:42:03.508,441206.549532,139482294.891138,60457167.771399
21 Jun 2027 19:43:07.867,438932.858054,139482348.157029,60457471.439610
21 Jun 2027 19:44:12.226,436681.889022,139482404.570031,60457802.131579
21 Jun 2027 19:45:16.584,434455.545393,139482463.899642,60458158.153798
21 Jun 2027 19:46:20.943,432255.601967,139482525.900112,60458537.680887
21 Jun 2027 19:47:25.302,430083.696160,139482590.311723,60458938.765087
21 Jun 2027 19:48:29.661,427941.319476,139482656.862136,60459359.346399
21 Jun 2027 19:49:34.020,425829.809783,139482725.267804,60459797.263307
21 Jun 2027 19:50:38.379,423750.344201,139482795.235443,60460250.264025
21 Jun 2027 19:51:42.738,421703.933200,139482866.463558,60460716.018217
21 Jun 2027 19:52:47.097,419691.415194,139482938.644001,60461192.129125
21 Jun 2027 19:53:51.456,417713.452216,139483011.463576,60461676.146040
21 Jun 2027 19:54:55.815,415770.526457,139483084.605664,60462165.577061
21 Jun 2027 19:56:00.174,413862.937828,139483157.751861,60462657.902059
21 Jun 2027 19:57:04.532,411990.802215,139483230.583638,60463150.585797
21 Jun 2027 19:58:08.891,410154.051120,139483302.783988,60463641.091121
21 Jun 2027 19:59:13.250,408352.431855,139483374.039072,60464126.892164
21 Jun 2027 20:00:17.609,406585.508909,139483444.039851,60464605.487493
21 Jun 2027 20:01:21.968,404852.666199,139483512.483687,60465074.413130
21 Jun 2027 20:02:26.327,403153.110338,139483579.075912,60465531.255368
21 Jun 2027 20:03:30.686,401485.874574,139483643.531362,60465973.663339
21 Jun 2027 20:04:35.045,399849.824086,139483705.575851,60466399.361247
21 Jun 2027 20:05:39.404,398243.661716,139483764.947598,60466806.160213
21 Jun 2027 20:06:43.762,396665.934771,139483821.398583,60467191.969662
21 Jun 2027 20:07:48.121,395115.042559,139483874.695834,60467554.808209
21 Jun 2027 20:08:52.480,393589.244796,139483924.622638,60467892.813969
21 Jun 2027 20:09:56.839,392086.670476,139483970.979662,60468204.254244
21 Jun 2027 20:11:01.198,390605.327855,139484013.585990,60468487.534544
21 Jun 2027 20:12:05.557,389143.114646,139484052.280060,60468741.206885
21 Jun 2027 20:13:09.916,387697.829024,139484086.920503,60468963.977321
21 Jun 2027 20:14:14.275,386267.181051,139484117.386875,60469154.712684
21 Jun 2027 20:15:18.634,384848.804639,139484143.580283,60469312.446477
21 Jun 2027 20:16:22.993,383440.269854,139484165.423899,60469436.383905
21 Jun 2027 20:17:27.352,382039.095436,139484182.863355,60469525.906011
21 Jun 2027 20:18:31.710,380642.761927,139484195.867026,60469580.572901
21 Jun 2027 20:19:36.069,379248.724640,139484204.426197,60469600.126028
21 Jun 2027 20:20:40.428,377854.426956,139484208.555102,60469584.489540
21 Jun 2027 20:21:44.787,376457.313581,139484208.290857,60469533.770674
21 Jun 2027 20:22:49.146,375054.843928,139484203.693260,60469448.259201
21 Jun 2027 20:23:53.505,373644.505161,139484194.844484,60469328.425913
21 Jun 2027 20:24:57.864,372223.825519,139484181.848650,60469174.920177
21 Jun 2027 20:26:02.223,370790.386996,139484164.831285,60468988.566553
21 Jun 2027 20:27:06.582,369341.838018,139484143.938674,60468770.360503
21 Jun 2027 20:28:10.940,367875.905613,139484119.337093,60468521.463214
21 Jun 2027 20:29:15.299,366390.407330,139484091.211955,60468243.195546
21 Jun 2027 20:30:19.658,364883.262414,139484059.766840,60467937.031169
21 Jun 2027 20:31:24.017,363352.502885,139484025.222443,60467604.588884
21 Jun 2027 20:32:28.376,361796.283608,139483987.815426,60467247.624204
21 Jun 2027 20:33:32.735,360212.891952,139483947.797190,60466868.020216
21 Jun 2027 20:34:37.094,358600.756689,139483905.432570,60466467.777779
21 Jun 2027 20:35:41.453,356958.456203,139483860.998462,60466049.005115
21 Jun 2027 20:36:45.812,355284.725761,139483814.782385,60465613.906832
21 Jun 2027 20:37:50.171,353578.464297,139483767.080987,60465164.772456
21 Jun 2027 20:38:54.530,351838.740015,139483718.198506,60464703.964508
21 Jun 2027 20:39:58.888,350064.795243,139483668.445196,60464233.906219
21 Jun 2027 20:41:03.247,348256.050411,139483618.135707,60463757.068908
21 Jun 2027 20:42:07.606,346412.107084,139483567.587463,60463275.959129
21 Jun 2027 20:43:11.965,344532.749885,139483517.119006,60462793.105619
21 Jun 2027 20:44:16.324,342617.947853,139483467.048349,60462311.046144
21 Jun 2027 20:45:20.683,340667.854451,139483417.691320,60461832.314286
21 Jun 2027 20:46:25.042,338682.806795,139483369.359928,60461359.426263
21 Jun 2027 20:47:29.401,336663.323911,139483322.360743,60460894.867828
21 Jun 2027 20:48:33.760,334610.104019,139483276.993302,60460441.081336
21 Jun 2027 20:49:38.119,332524.020958,139483233.548557,60460000.453033
21 Jun 2027 20:50:42.477,330406.119473,139483192.307365,60459575.300635
21 Jun 2027 20:51:46.836,328257.610017,139483153.539034,60459167.861267
21 Jun 2027 20:52:51.195,326079.862274,139483117.499916,60458780.279823
21 Jun 2027 20:53:55.554,323874.398102,139483084.432089,60458414.597797
21 Jun 2027 20:54:59.913,321642.883591,139483054.562092,60458072.742665
21 Jun 2027 20:56:04.272,319387.120441,139483028.099752,60457756.517849
21 Jun 2027 20:57:08.631,317109.036431,139483005.237099,60457467.593334
21 Jun 2027 20:58:12.990,314810.675610,139482986.147363,60457207.496976
21 Jun 2027 20:59:17.349,312494.187516,139482970.984083,60456977.606550
21 Jun 2027 21:00:21.707,310161.816022,139482959.880303,60456779.142581
21 Jun 2027 21:01:26.066,307815.887657,139482952.947888,60456613.161990
21 Jun 2027 21:02:30.425,305458.799532,139482950.276939,60456480.552595
21 Jun 2027 21:03:34.784,303093.006746,139482951.935329,60456382.028490
21 Jun 2027 21:04:39.143,300721.009791,139482957.968352,60456318.126329
21 Jun 2027 21:05:43.502,298345.341412,139482968.398482,60456289.202533
21 Jun 2027 21:06:47.861,295968.553458,139482983.225265,60456295.431433
21 Jun 2027 21:07:52.220,293593.203609,139483002.425315,60456336.804366
21 Jun 2027 21:08:56.579,291221.842097,139483025.952441,60456413.129718
21 Jun 2027 21:10:00.938,288856.998293,139483053.737882,60456524.033923
21 Jun 2027 21:11:05.297,286501.167747,139483085.690668,60456668.963403
21 Jun 2027 21:12:09.655,284156.799077,139483121.698091,60456847.187455
21 Jun 2027 21:13:14.014,281826.281246,139483161.626289,60457057.802049
21 Jun 2027 21:14:18.373,279511.931136,139483205.320945,60457299.734536
21 Jun 2027 21:15:22.732,277215.981501,139483252.608082,60457571.749227
21 Jun 2027 21:16:27.091,274940.569357,139483303.294972,60457872.453828
21 Jun 2027 21:17:31.450,272687.724740,139483357.171132,60458200.306684
21 Jun 2027 21:18:35.809,270459.360354,139483414.009422,60458553.624801
21 Jun 2027 21:19:40.168,268257.261459,139483473.567216,60458930.592606
21 Jun 2027 21:20:44.527,266083.076632,139483535.587669,60459329.271398
21 Jun 2027 21:21:48.885,263938.309187,139483599.801046,60459747.609433
21 Jun 2027 21:22:53.244,261824.309380,139483665.926121,60460183.452607
21 Jun 2027 21:23:57.603,259742.267230,139483733.671643,60460634.555662
21 Jun 2027 21:25:01.962,257693.206564,139483802.737839,60461098.593877
21 Jun 2027 21:26:06.321,255677.979530,139483872.817976,60461573.175158
21 Jun 2027 21:27:10.680,253697.262203,139483943.599949,60462055.852497
21 Jun 2027 21:28:15.039,251751.551064,139484014.767905,60462544.136700
21 Jun 2027 21:29:19.398,249841.160453,139484086.003877,60463035.509344
21 Jun 2027 21:30:23.757,247966.220790,139484156.989439,60463527.435884
21 Jun 2027 21:31:28.116,246126.678116,139484227.407355,60464017.378843
21 Jun 2027 21:32:32.475,244322.294216,139484296.943227,60464502.811019
21 Jun 2027 21:33:36.833,242552.647909,139484365.287127,60464981.228635
21 Jun 2027 21:34:41.192,240817.137243,139484432.135203,60465450.164375
21 Jun 2027 21:35:45.551,239114.982651,139484497.191257,60465907.200215
21 Jun 2027 21:36:49.910,237445.230857,139484560.168283,60466349.980018
21 Jun 2027 21:37:54.269,235806.760080,139484620.789956,60466776.221788
21 Jun 2027 21:38:58.628,234198.285702,139484678.792065,60467183.729553
21 Jun 2027 21:40:02.987,232618.367014,139484733.923882,60467570.404787
21 Jun 2027 21:41:07.346,231065.414682,139484785.949469,60467934.257334
21 Jun 2027 21:42:11.705,229537.699042,139484834.648896,60468273.415770
21 Jun 2027 21:43:16.064,228033.359136,139484879.819384,60468586.137135
21 Jun 2027 21:44:20.422,226550.412246,139484921.276360,60468870.816007
21 Jun 2027 21:45:24.781,225086.764409,139484958.854409,60469125.992861
21 Jun 2027 21:46:29.140,223640.221224,139484992.408138,60469350.361659
21 Jun 2027 21:47:33.499,222208.499255,139485021.812927,60469542.776650
21 Jun 2027 21:48:37.858,220789.237934,139485046.965575,60469702.258332
21 Jun 2027 21:49:42.217,219380.011895,139485067.784837,60469827.998551
21 Jun 2027 21:50:46.576,217978.343412,139485084.211844,60469919.364705
21 Jun 2027 21:51:50.935,216581.715552,139485096.210409,60469975.903038
21 Jun 2027 21:52:55.294,215187.585124,139485103.767215,60469997.341001
21 Jun 2027 21:53:59.652,213793.395930,139485106.891882,60469983.588669
21 Jun 2027 21:55:04.011,212396.592060,139485105.616918,60469934.739211
21 Jun 2027 21:56:08.370,210994.631268,139485099.997550,60469851.068405
21 Jun 2027 21:57:12.729,209584.998021,139485090.111437,60469733.033201
21 Jun 2027 21:58:17.088,208165.216847,139485076.058265,60469581.269345
21 Jun 2027 21:59:21.447,206732.865012,139485057.959234,60469396.588067
21 Jun 2027 22:00:25.806,205285.585223,139485035.956422,60469179.971863
21 Jun 2027 22:01:30.165,203821.097868,139485010.212053,60468932.569382
21 Jun 2027 22:02:34.524,202337.212924,139484980.907654,60468655.689443
21 Jun 2027 22:03:38.883,200831.841190,139484948.243109,60468350.794229
21 Jun 2027 22:04:43.242,199303.005414,139484912.435626,60468019.491673
21 Jun 2027 22:05:47.600,197748.850403,139484873.718607,60467663.527094
21 Jun 2027 22:06:51.959,196167.652733,139484832.340436,60467284.774109
21 Jun 2027 22:07:56.318,194557.829702,139484788.563194,60466885.224887
21 Jun 2027 22:09:00.677,192917.947589,139484742.661292,60466466.979777
21 Jun 2027 22:10:05.036,191246.729131,139484694.920053,60466032.236379
21 Jun 2027 22:11:09.395,189543.060044,139484645.634228,60465583.278109
21 Jun 2027 22:12:13.754,187805.995013,139484595.106467,60465122.462308
21 Jun 2027 22:13:18.113,186034.762494,139484543.645748,60464652.207985
21 Jun 2027 22:14:22.472,184228.768748,139484491.565774,60464174.983215
21 Jun 2027 22:15:26.830,182387.600938,139484439.183343,60463693.292305
21 Jun 2027 22:16:31.189,180511.029322,139484386.816710,60463209.662755
21 Jun 2027 22:17:35.548,178599.008274,139484334.783925,60462726.632105
21 Jun 2027 22:18:39.907,176651.676774,139484283.401194,60462246.734729
21 Jun 2027 22:19:44.266,174669.357520,139484232.981228,60461772.488645
21 Jun 2027 22:20:48.625,172652.555295,139484183.831629,60461306.382414
21 Jun 2027 22:21:52.984,170601.954320,139484136.253286,60460850.862180
21 Jun 2027 22:22:57.343,168518.414765,139484090.538820,60460408.318950
21 Jun 2027 22:24:01.702,166402.968091,139484046.971061,60459981.076143
21 Jun 2027 22:25:06.061,164256.811926,139484005.821582,60459571.377499
21 Jun 2027 22:26:10.420,162081.303666,139483967.349291,60459181.375407
21 Jun 2027 22:27:14.778,159877.953466,139483931.799086,60458813.119696
21 Jun 2027 22:28:19.137,157648.416369,139483899.400586,60458468.546972
21 Jun 2027 22:29:23.496,155394.483747,139483870.366937,60458149.470538
21 Jun 2027 22:30:27.855,153118.073799,139483844.893707,60457857.570956
21 Jun 2027 22:31:32.214,150821.221821,139483823.157873,60457594.387302
21 Jun 2027 22:32:36.573,148506.069454,139483805.316903,60457361.309155
21 Jun 2027 22:33:40.932,146174.853572,139483791.507934,60457159.569367
21 Jun 2027 22:34:45.291,143829.894637,139483781.847068,60456990.237643
21 Jun 2027 22:35:49.650,141473.584658,139483776.428764,60456854.214979
21 Jun 2027 22:36:54.009,139108.374733,139483775.325352,60456752.228970
21 Jun 2027 22:37:58.367,136736.762166,139483778.586654,60456684.830023
21 Jun 2027 22:39:02.726,134361.277692,139483786.239728,60456652.388493
21 Jun 2027 22:40:07.085,131984.472158,139483798.288730,60456655.092757
21 Jun 2027 22:41:11.444,129608.903304,139483814.714889,60456692.948231
21 Jun 2027 22:42:15.803,127237.122415,139483835.476607,60456765.777345
21 Jun 2027 22:43:20.162,124871.661104,139483860.509671,60456873.220462
21 Jun 2027 22:44:24.521,122515.017982,139483889.727595,60457014.737757
21 Jun 2027 22:45:28.880,120169.645888,139483923.022061,60457189.612020
21 Jun 2027 22:46:33.239,117837.938962,139483960.263485,60457396.952391
21 Jun 2027 22:47:37.598,115522.220242,139484001.301688,60457635.698998
21 Jun 2027 22:48:41.956,113224.729541,139484045.966679,60457904.628471
21 Jun 2027 22:49:46.315,110947.611863,139484094.069534,60458202.360306
21 Jun 2027 22:50:50.674,108692.906074,139484145.403376,60458527.364058
21 Jun 2027 22:51:55.033,106462.534519,139484199.744455,60458877.967296
21 Jun 2027 22:52:59.392,104258.292856,139484256.853300,60459252.364314
21 Jun 2027 22:54:03.751,102081.840779,139484316.475971,60459648.625526
21 Jun 2027 22:55:08.110,99934.693349,139484378.345371,60460064.707507
21 Jun 2027 22:56:12.469,97818.213167,139484442.182634,60460498.463631
21 Jun 2027 22:57:16.828,95733.603116,139484507.698574,60460947.655239
21 Jun 2027 22:58:21.187,93681.900342,139484574.595182,60461409.963292
21 Jun 2027 22:59:25.545,91663.970703,139484642.567177,60461883.000440
21 Jun 2027 23:00:29.904,89680.504298,139484711.303588,60462364.323445
21 Jun 2027 23:01:34.263,87732.011863,139484780.489368,60462851.445900
21 Jun 2027 23:02:38.622,85818.822137,139484849.807029,60463341.851164
21 Jun 2027 23:03:42.981,83941.080175,139484918.938290,60463833.005463
21 Jun 2027 23:04:47.340,82098.746444,139484987.565728,60464322.371077
21 Jun 2027 23:05:51.699,80291.597254,139485055.374427,60464807.419543
21 Jun 2027 23:06:56.058,78519.225774,139485122.053609,60465285.644821
21 Jun 2027 23:08:00.417,76781.044186,139485187.298252,60465754.576328
21 Jun 2027 23:09:04.775,75076.286741,139485250.810666,60466211.791802
21 Jun 2027 23:10:09.134,73404.013790,139485312.302043,60466654.929907
21 Jun 2027 23:11:13.493,71763.116505,139485371.493955,60467081.702519
21 Jun 2027 23:12:17.852,70152.322904,139485428.119795,60467489.906639
21 Jun 2027 23:13:22.211,68570.204295,139485481.926167,60467877.435854
21 Jun 2027 23:14:26.570,67015.182761,139485532.674193,60468242.291301
21 Jun 2027 23:15:30.929,65485.539359,139485580.140758,60468582.592072
21 Jun 2027 23:16:35.288,63979.423128,139485624.119669,60468896.584999
21 Jun 2027 23:17:39.647,62494.860532,139485664.422716,60469182.653779
21 Jun 2027 23:18:44.006,61029.766015,139485700.880661,60469439.327390
21 Jun 2027 23:19:48.365,59581.952634,139485733.344104,60469665.287741
21 Jun 2027 23:20:52.723,58149.143534,139485761.684267,60469859.376534
21 Jun 2027 23:21:57.082,56728.983760,139485785.793658,60470020.601293
21 Jun 2027 23:23:01.441,55319.052574,139485805.586627,60470148.140529
21 Jun 2027 23:24:05.800,53916.875899,139485820.999816,60470241.348015
21 Jun 2027 23:25:10.159,52519.939408,139485831.992480,60470299.756147
21 Jun 2027 23:26:14.518,51125.701458,139485838.546705,60470323.078381
21 Jun 2027 23:27:18.877,49731.606377,139485840.667496,60470311.210725
21 Jun 2027 23:28:23.236,48335.097734,139485838.382754,60470264.232274
21 Jun 2027 23:29:27.595,46933.631663,139485831.743129,60470182.404805
21 Jun 2027 23:30:31.954,45524.690142,139485820.821756,60470066.171412
21 Jun 2027 23:31:36.312,44105.793933,139485805.713879,60469916.154199
21 Jun 2027 23:32:40.671,42674.515706,139485786.536350,60469733.151045
21 Jun 2027 23:33:45.030,41228.492540,139485763.427031,60469518.131447
21 Jun 2027 23:34:49.389,39765.438246,139485736.544071,60469272.231482
21 Jun 2027 23:35:53.748,38283.155266,139485706.065088,60468996.747886
21 Jun 2027 23:36:58.107,36779.546146,139485672.186247,60468693.131310
21 Jun 2027 23:38:02.466,35252.624302,139485635.121241,60468362.978771
21 Jun 2027 23:39:06.825,33700.524584,139485595.100183,60468008.025339
21 Jun 2027 23:40:11.184,32121.512834,139485552.368411,60467630.135105
21 Jun 2027 23:41:15.543,30513.994942,139485507.185213,60467231.291484
21 Jun 2027 23:42:19.901,28876.525153,139485459.822486,60466813.586890
21 Jun 2027 23:43:24.260,27207.813615,139485410.563320,60466379.211847
21 Jun 2027 23:44:28.619,25506.732953,139485359.700528,60465930.443589
21 Jun 2027 23:45:32.978,23772.324359,139485307.535134,60465469.634206
21 Jun 2027 23:46:37.337,22003.802418,139485254.374802,60464999.198408
21 Jun 2027 23:47:41.696,20200.559251,139485200.532243,60464521.600955
21 Jun 2027 23:48:46.055,18362.167678,139485146.323593,60464039.343826
21 Jun 2027 23:49:50.414,16488.383466,139485092.066773,60463554.953206
21 Jun 2027 23:50:54.773,14579.146451,139485038.079833,60463070.966332
21 Jun 2027 23:51:59.132,12634.581090,139484984.679311,60462589.918292
21 Jun 2027 23:53:03.490,10654.995650,139484932.178583,60462114.328829
21 Jun 2027 23:54:07.849,8640.880649,139484880.886238,60461646.689229
21 Jun 2027 23:55:12.208,6592.906297,139484831.104480,60461189.449357
21 Jun 2027 23:56:16.567,4511.919016,139484783.127557,60460745.004903
21 Jun 2027 23:57:20.926,2398.937062,139484737.240234,60460315.684917
21 Jun 2027 23:58:25.285,255.145091,139484693.716317,60459903.739689
21 Jun 2027 23:59:29.644,-1918.111804,139484652.817230,60459511.329033
22 Jun 2027 00:00:00.000,-2952.977500,139484634.508716,60459333.613011

